// Tu dong sinh boi png_to_rgb565.py — dung sua tay.
// Icon 40x40, RGB565 (alpha nhan truoc) + kenh alpha rieng.
// Nguon icon: https://github.com/MakerM0/MagiClick-watch
#pragma once
#include <stdint.h>

static constexpr int WX_ICON_SIZE = 40;

#define ICON_HAS_ALPHA 1

static const uint16_t ICON_SUNNY[1600] = {
  0x0000, 0x0000, 0x0000, 0x0000, 0x0000, 0x0000, 0x0000, 0x0000, 0x0000, 0x0000, 0x0000, 0x0000,
  0x0000, 0x0000, 0x0000, 0x0000, 0x0000, 0x0000, 0x1080, 0x6263, 0x6263, 0x1080, 0x0000, 0x0000,
  0x0000, 0x0000, 0x0000, 0x0000, 0x0000, 0x0000, 0x0000, 0x0000, 0x0000, 0x0000, 0x0000, 0x0000,
  0x0000, 0x0000, 0x0000, 0x0000, 0x0000, 0x0000, 0x0000, 0x0000, 0x0000, 0x0000, 0x0000, 0x0000,
  0x0000, 0x0000, 0x0000, 0x0000, 0x0000, 0x0000, 0x0000, 0x0000, 0x0000, 0x0000, 0x18A0, 0x7304,
  0x7304, 0x18A0, 0x0000, 0x0000, 0x0000, 0x0000, 0x0000, 0x0000, 0x0000, 0x0000, 0x0000, 0x0000,
  0x0000, 0x0000, 0x0000, 0x0000, 0x0000, 0x0000, 0x0000, 0x0000, 0x0000, 0x0000, 0x0000, 0x0000,
  0x0000, 0x0000, 0x0000, 0x0000, 0x0000, 0x1080, 0x49E2, 0x1060, 0x0000, 0x0000, 0x0000, 0x0000,
  0x0000, 0x0000, 0x20E1, 0x8BA5, 0x8BA5, 0x20E1, 0x0000, 0x0000, 0x0000, 0x0000, 0x0000, 0x0000,
  0x1060, 0x49E2, 0x1080, 0x0000, 0x0000, 0x0000, 0x0000, 0x0000, 0x0000, 0x0000, 0x0000, 0x0000,
  0x0000, 0x0000, 0x0000, 0x0000, 0x0000, 0x0000, 0x0000, 0x0000, 0x0000, 0x20E1, 0xC526, 0x4A02,
  0x0000, 0x0000, 0x0000, 0x0000, 0x0000, 0x0000, 0x18A0, 0x6AC3, 0x6AC3, 0x18A0, 0x0000, 0x0000,
  0x0000, 0x0000, 0x0000, 0x0000, 0x4A02, 0xC526, 0x20E1, 0x0000, 0x0000, 0x0000, 0x0000, 0x0000,
  0x0000, 0x0000, 0x0000, 0x0000, 0x0000, 0x0000, 0x0000, 0x0000, 0x0000, 0x0000, 0x0000, 0x0020,
  0x0000, 0x0860, 0xB486, 0x9C05, 0x2101, 0x0000, 0x0000, 0x0000, 0x0000, 0x0000, 0x0020, 0x20C1,
  0x20C1, 0x0020, 0x0000, 0x0000, 0x0000, 0x0000, 0x0000, 0x2101, 0x9C05, 0xB486, 0x0860, 0x0000,
  0x0020, 0x0000, 0x0000, 0x0000, 0x0000, 0x0000, 0x0000, 0x0000, 0x0000, 0x0000, 0x0000, 0x0000,
  0x0000, 0x0000, 0x0000, 0x0000, 0x0000, 0x0000, 0x2921, 0xCD47, 0x7B24, 0x0000, 0x0000, 0x0000,
  0x0000, 0x0000, 0x0000, 0x0000, 0x0000, 0x0000, 0x0000, 0x0000, 0x0000, 0x0000, 0x0000, 0x7B24,
  0xCD47, 0x2921, 0x0000, 0x0000, 0x0000, 0x0000, 0x0000, 0x0000, 0x0000, 0x0000, 0x0000, 0x0000,
  0x0000, 0x0000, 0x0000, 0x0000, 0x0000, 0x0000, 0x0000, 0x0000, 0x0000, 0x0000, 0x0000, 0x5202,
  0x3962, 0x0000, 0x0000, 0x0000, 0x0000, 0x0020, 0x0020, 0x0020, 0x0020, 0x0020, 0x0020, 0x0020,
  0x0000, 0x0000, 0x0000, 0x3962, 0x5202, 0x0000, 0x0000, 0x0000, 0x0000, 0x0000, 0x0000, 0x0000,
  0x0000, 0x0000, 0x0000, 0x0000, 0x0000, 0x0000, 0x0000, 0x0000, 0x0020, 0x0000, 0x0000, 0x0000,
  0x0000, 0x0000, 0x0000, 0x0000, 0x0000, 0x0000, 0x0000, 0x0000, 0x0000, 0x0000, 0x0000, 0x0000,
  0x0000, 0x0000, 0x0000, 0x0000, 0x0000, 0x0000, 0x0000, 0x0000, 0x0000, 0x0000, 0x0000, 0x0000,
  0x0000, 0x0000, 0x0000, 0x0020, 0x0000, 0x0000, 0x0000, 0x0000, 0x0000, 0x0000, 0x0000, 0x0000,
  0x0000, 0x0000, 0x0000, 0x0000, 0x0000, 0x0000, 0x0000, 0x0000, 0x0000, 0x0000, 0x0000, 0x0020,
  0x1880, 0x2101, 0x3161, 0x49C2, 0x41A2, 0x3961, 0x3141, 0x2901, 0x1080, 0x0000, 0x0000, 0x0000,
  0x0000, 0x0000, 0x0000, 0x0000, 0x0000, 0x0000, 0x0000, 0x0000, 0x0000, 0x0000, 0x0000, 0x0000,
  0x0000, 0x0000, 0x1080, 0x20E1, 0x0860, 0x0000, 0x0000, 0x0000, 0x0000, 0x0000, 0x0000, 0x0000,
  0x0000, 0x0000, 0x1060, 0x5223, 0x8BA4, 0xB4A6, 0xE5C7, 0xFEA8, 0xFE88, 0xF607, 0xE586, 0xCCE5,
  0x8323, 0x1880, 0x0000, 0x0000, 0x0000, 0x0000, 0x0000, 0x0000, 0x0000, 0x0000, 0x0000, 0x0860,
  0x20E1, 0x1080, 0x0000, 0x0000, 0x0000, 0x0000, 0x49E2, 0xC526, 0xB486, 0x2921, 0x0000, 0x0000,
  0x0000, 0x0000, 0x0000, 0x0000, 0x0000, 0x2921, 0xAC66, 0xF628, 0xFE88, 0xFE68, 0xFEA8, 0xFEA9,
  0xFEA9, 0xFEA8, 0xFE88, 0xFE47, 0xFDC6, 0xE546, 0x51E2, 0x0000, 0x0000, 0x0000, 0x0000, 0x0000,
  0x0000, 0x0000, 0x2921, 0xB486, 0xC526, 0x49E2, 0x0000, 0x0000, 0x0000, 0x0000, 0x18A0, 0x49E2,
  0x9C05, 0xD587, 0x49E2, 0x0000, 0x0020, 0x0000, 0x0000, 0x0840, 0x6AA3, 0xD567, 0xFE68, 0xFEE9,
  0xFEC9, 0xFEA9, 0xFEA8, 0xFE88, 0xFE88, 0xFE89, 0xFEA9, 0xFEA8, 0xFE88, 0xFE67, 0xDD65, 0x8B43,
  0x2901, 0x0000, 0x0000, 0x0020, 0x0000, 0x49E2, 0xD587, 0x9C05, 0x49E2, 0x18A0, 0x0000, 0x0000,
  0x0000, 0x0000, 0x0000, 0x0000, 0x2901, 0x8344, 0x3161, 0x0000, 0x0000, 0x0000, 0x0000, 0x62A3,
  0xE608, 0xFF09, 0xFEA8, 0xFE68, 0xFE88, 0xFE88, 0xFE88, 0xFE88, 0xFE88, 0xFE88, 0xFE88, 0xFE89,
  0xFE88, 0xFE47, 0xFE67, 0xFE26, 0x8B43, 0x0000, 0x0000, 0x0000, 0x0000, 0x3161, 0x8344, 0x2901,
  0x0000, 0x0000, 0x0000, 0x0000, 0x0000, 0x0000, 0x0000, 0x0020, 0x0000, 0x0000, 0x0000, 0x0000,
  0x0000, 0x0000, 0x2921, 0xD567, 0xFF09, 0xF648, 0xFE88, 0xFE88, 0xFE88, 0xFE88, 0xFE88, 0xFE88,
  0xFE88, 0xFE88, 0xFE88, 0xFE88, 0xFE88, 0xFEA9, 0xF607, 0xFE66, 0xE565, 0x49E2, 0x0000, 0x0000,
  0x0000, 0x0000, 0x0000, 0x0000, 0x0020, 0x0000, 0x0000, 0x0000, 0x0000, 0x0000, 0x0000, 0x0000,
  0x0000, 0x0000, 0x0000, 0x0020, 0x0000, 0x1060, 0xAC66, 0xFE68, 0xFEA8, 0xFE88, 0xFE88, 0xFE88,
  0xFE88, 0xFE88, 0xFE88, 0xFE88, 0xFE88, 0xFE88, 0xFE88, 0xFE88, 0xFE88, 0xFE88, 0xFE88, 0xFE07,
  0xFE26, 0xE566, 0x1880, 0x0000, 0x0020, 0x0000, 0x0000, 0x0000, 0x0000, 0x0000, 0x0000, 0x0000,
  0x0000, 0x0000, 0x0000, 0x0000, 0x0000, 0x0000, 0x0000, 0x0000, 0x0020, 0x5223, 0xF648, 0xFEE9,
  0xFE68, 0xFE88, 0xFE88, 0xFE88, 0xFE88, 0xFE88, 0xFE88, 0xFE88, 0xFE88, 0xFE88, 0xFE88, 0xFE88,
  0xFE88, 0xFE88, 0xFEA9, 0xFE47, 0xFE46, 0xFDC6, 0x8343, 0x1080, 0x0000, 0x0000, 0x0000, 0x0000,
  0x0000, 0x0000, 0x0000, 0x0000, 0x0000, 0x0000, 0x0000, 0x0000, 0x0000, 0x0000, 0x0000, 0x0000,
  0x1080, 0x8BA4, 0xFE88, 0xFEC9, 0xFE88, 0xFE88, 0xFE88, 0xFE88, 0xFE88, 0xFE88, 0xFE88, 0xFE88,
  0xFE88, 0xFE88, 0xFE88, 0xFE88, 0xFE88, 0xFE88, 0xFE88, 0xFE68, 0xFE47, 0xFDE6, 0xCCE5, 0x2901,
  0x0000, 0x0020, 0x0000, 0x0000, 0x0000, 0x0000, 0x0000, 0x0000, 0x0000, 0x0000, 0x0000, 0x0000,
  0x0000, 0x0000, 0x0020, 0x0000, 0x2101, 0xB4A6, 0xFE68, 0xFEA9, 0xFE88, 0xFE88, 0xFE88, 0xFE88,
  0xFE88, 0xFE88, 0xFE88, 0xFE88, 0xFE88, 0xFE88, 0xFE88, 0xFE88, 0xFE88, 0xFE88, 0xFE88, 0xFE88,
  0xFE47, 0xFE06, 0xF5A6, 0x3961, 0x0000, 0x0020, 0x0000, 0x0000, 0x0000, 0x0000, 0x0000, 0x0000,
  0x1080, 0x18A1, 0x20E1, 0x18A0, 0x0820, 0x0000, 0x0020, 0x0000, 0x3161, 0xE5C7, 0xFEA8, 0xFEA9,
  0xFE88, 0xFE88, 0xFE88, 0xFE88, 0xFE88, 0xFE88, 0xFE88, 0xFE88, 0xFE88, 0xFE88, 0xFE88, 0xFE88,
  0xFE88, 0xFE88, 0xFE88, 0xFEA9, 0xFE47, 0xFE06, 0xFE26, 0x4181, 0x0000, 0x0020, 0x0000, 0x0820,
  0x18A0, 0x20E1, 0x18A1, 0x1080, 0x6283, 0x7304, 0x8BA4, 0x6AC3, 0x20C1, 0x0000, 0x0020, 0x0000,
  0x41A2, 0xFEA9, 0xFEA9, 0xFE88, 0xFE88, 0xFE88, 0xFE88, 0xFE88, 0xFE88, 0xFE88, 0xFE88, 0xFE88,
  0xFE88, 0xFE88, 0xFE88, 0xFE88, 0xFE88, 0xFE88, 0xFE88, 0xFEA9, 0xFE68, 0xFE06, 0xFE46, 0x41A1,
  0x0000, 0x0020, 0x0000, 0x20C1, 0x6AC3, 0x8BA4, 0x7304, 0x6283, 0x6283, 0x7304, 0x8BA4, 0x6AC3,
  0x20C1, 0x0000, 0x0020, 0x0000, 0x41A2, 0xFEA9, 0xFEA9, 0xFE88, 0xFE88, 0xFE88, 0xFE88, 0xFE88,
  0xFE88, 0xFE88, 0xFE88, 0xFE88, 0xFE88, 0xFE88, 0xFE88, 0xFE88, 0xFE88, 0xFE88, 0xFE88, 0xFEA9,
  0xFE68, 0xFE06, 0xFE46, 0x41A1, 0x0000, 0x0020, 0x0000, 0x20C1, 0x6AC3, 0x8BA4, 0x7304, 0x6283,
  0x1080, 0x18A1, 0x20E1, 0x18A0, 0x0820, 0x0000, 0x0020, 0x0000, 0x3161, 0xE5C7, 0xFEA8, 0xFEA9,
  0xFE88, 0xFE88, 0xFE88, 0xFE88, 0xFE88, 0xFE88, 0xFE88, 0xFE88, 0xFE88, 0xFE88, 0xFE88, 0xFE88,
  0xFE88, 0xFE88, 0xFE88, 0xFEA9, 0xFE47, 0xFE06, 0xFE26, 0x4181, 0x0000, 0x0020, 0x0000, 0x0820,
  0x18A0, 0x20E1, 0x18A1, 0x1080, 0x0000, 0x0000, 0x0000, 0x0000, 0x0000, 0x0000, 0x0020, 0x0000,
  0x2101, 0xB4A6, 0xFE68, 0xFEA9, 0xFE88, 0xFE88, 0xFE88, 0xFE88, 0xFE88, 0xFE88, 0xFE88, 0xFE88,
  0xFE88, 0xFE88, 0xFE88, 0xFE88, 0xFE88, 0xFE88, 0xFE88, 0xFE88, 0xFE47, 0xFE06, 0xF5A6, 0x3961,
  0x0000, 0x0020, 0x0000, 0x0000, 0x0000, 0x0000, 0x0000, 0x0000, 0x0000, 0x0000, 0x0000, 0x0000,
  0x0000, 0x0000, 0x0000, 0x0000, 0x1080, 0x8BA4, 0xFE88, 0xFEC9, 0xFE88, 0xFE88, 0xFE88, 0xFE88,
  0xFE88, 0xFE88, 0xFE88, 0xFE88, 0xFE88, 0xFE88, 0xFE88, 0xFE88, 0xFE88, 0xFE88, 0xFE88, 0xFE68,
  0xFE47, 0xFDE6, 0xCCE5, 0x2901, 0x0000, 0x0020, 0x0000, 0x0000, 0x0000, 0x0000, 0x0000, 0x0000,
  0x0000, 0x0000, 0x0000, 0x0000, 0x0000, 0x0000, 0x0000, 0x0000, 0x0020, 0x5223, 0xF648, 0xFEE9,
  0xFE68, 0xFE88, 0xFE88, 0xFE88, 0xFE88, 0xFE88, 0xFE88, 0xFE88, 0xFE88, 0xFE88, 0xFE88, 0xFE88,
  0xFE88, 0xFE88, 0xFEA9, 0xFE47, 0xFE46, 0xFDC6, 0x8343, 0x1080, 0x0000, 0x0000, 0x0000, 0x0000,
  0x0000, 0x0000, 0x0000, 0x0000, 0x0000, 0x0000, 0x0000, 0x0000, 0x0000, 0x0000, 0x0000, 0x0020,
  0x0000, 0x1060, 0xAC66, 0xFE68, 0xFEA8, 0xFE88, 0xFE88, 0xFE88, 0xFE88, 0xFE88, 0xFE88, 0xFE88,
  0xFE88, 0xFE88, 0xFE88, 0xFE88, 0xFE88, 0xFE88, 0xFE88, 0xFE07, 0xFE26, 0xE566, 0x1880, 0x0000,
  0x0020, 0x0000, 0x0000, 0x0000, 0x0000, 0x0000, 0x0000, 0x0000, 0x0000, 0x0000, 0x0000, 0x0020,
  0x0000, 0x0000, 0x0000, 0x0000, 0x0000, 0x0000, 0x2921, 0xD567, 0xFF09, 0xF648, 0xFE88, 0xFE88,
  0xFE88, 0xFE88, 0xFE88, 0xFE88, 0xFE88, 0xFE88, 0xFE88, 0xFE88, 0xFE88, 0xFEA9, 0xF607, 0xFE66,
  0xE565, 0x49E2, 0x0000, 0x0000, 0x0000, 0x0000, 0x0000, 0x0000, 0x0020, 0x0000, 0x0000, 0x0000,
  0x0000, 0x0000, 0x0000, 0x0000, 0x2901, 0x7B24, 0x3141, 0x0000, 0x0000, 0x0000, 0x0000, 0x62A3,
  0xE608, 0xFF09, 0xFEA8, 0xFE68, 0xFE88, 0xFE88, 0xFE88, 0xFE88, 0xFE88, 0xFE88, 0xFE88, 0xFE89,
  0xFE88, 0xFE47, 0xFE67, 0xFE26, 0x8B43, 0x0000, 0x0000, 0x0000, 0x0000, 0x3141, 0x7B24, 0x2901,
  0x0000, 0x0000, 0x0000, 0x0000, 0x0000, 0x0000, 0x18A0, 0x49E2, 0x9C05, 0xCD47, 0x41C2, 0x0000,
  0x0020, 0x0000, 0x0000, 0x0840, 0x6AA3, 0xD567, 0xFE68, 0xFEE9, 0xFEC9, 0xFEA9, 0xFEA8, 0xFE88,
  0xFE88, 0xFE89, 0xFEA9, 0xFEA8, 0xFE88, 0xFE67, 0xDD65, 0x8B43, 0x2901, 0x0000, 0x0000, 0x0020,
  0x0000, 0x41C2, 0xCD47, 0x9C05, 0x49E2, 0x18A0, 0x0000, 0x0000, 0x0000, 0x0000, 0x49E2, 0xC527,
  0xB486, 0x2921, 0x0000, 0x0000, 0x0000, 0x0000, 0x0000, 0x0000, 0x0000, 0x2921, 0xAC66, 0xF628,
  0xFE88, 0xFE68, 0xFEA8, 0xFEA9, 0xFEA9, 0xFEA8, 0xFE88, 0xFE47, 0xFDC6, 0xE546, 0x51E2, 0x0000,
  0x0000, 0x0000, 0x0000, 0x0000, 0x0000, 0x0000, 0x2921, 0xB486, 0xC527, 0x49E2, 0x0000, 0x0000,
  0x0000, 0x0000, 0x18A1, 0x2921, 0x0860, 0x0000, 0x0000, 0x0000, 0x0000, 0x0000, 0x0000, 0x0000,
  0x0000, 0x0000, 0x1060, 0x5223, 0x8BA4, 0xB4A6, 0xE5C7, 0xFEA8, 0xFE88, 0xF607, 0xE586, 0xCCE5,
  0x8323, 0x1880, 0x0000, 0x0000, 0x0000, 0x0000, 0x0000, 0x0000, 0x0000, 0x0000, 0x0000, 0x0860,
  0x2921, 0x18A1, 0x0000, 0x0000, 0x0000, 0x0000, 0x0000, 0x0000, 0x0000, 0x0000, 0x0000, 0x0000,
  0x0000, 0x0000, 0x0000, 0x0000, 0x0020, 0x0000, 0x0000, 0x0020, 0x1880, 0x2101, 0x3161, 0x49C2,
  0x41A2, 0x3961, 0x3141, 0x2901, 0x1080, 0x0000, 0x0000, 0x0020, 0x0020, 0x0000, 0x0000, 0x0000,
  0x0000, 0x0000, 0x0000, 0x0000, 0x0000, 0x0000, 0x0000, 0x0000, 0x0000, 0x0000, 0x0000, 0x0000,
  0x0020, 0x0000, 0x0000, 0x0000, 0x0000, 0x0000, 0x0000, 0x0000, 0x0000, 0x0000, 0x0000, 0x0000,
  0x0000, 0x0000, 0x0000, 0x0000, 0x0000, 0x0000, 0x0000, 0x0000, 0x0000, 0x0000, 0x0000, 0x0000,
  0x0000, 0x0000, 0x0000, 0x0000, 0x0000, 0x0000, 0x0000, 0x0020, 0x0000, 0x0000, 0x0000, 0x0000,
  0x0000, 0x0000, 0x0000, 0x0000, 0x0000, 0x0000, 0x0000, 0x0000, 0x0000, 0x0000, 0x0000, 0x49C2,
  0x3141, 0x0000, 0x0000, 0x0000, 0x0000, 0x0020, 0x0020, 0x0020, 0x0020, 0x0020, 0x0020, 0x0020,
  0x0000, 0x0000, 0x0000, 0x3141, 0x49C2, 0x0000, 0x0000, 0x0000, 0x0000, 0x0000, 0x0000, 0x0000,
  0x0000, 0x0000, 0x0000, 0x0000, 0x0000, 0x0000, 0x0000, 0x0000, 0x0000, 0x0000, 0x0000, 0x0000,
  0x0000, 0x0000, 0x2921, 0xCD47, 0x7B24, 0x0000, 0x0000, 0x0000, 0x0000, 0x0000, 0x0000, 0x0000,
  0x0000, 0x0000, 0x0000, 0x0000, 0x0000, 0x0000, 0x0000, 0x7B24, 0xCD47, 0x2921, 0x0000, 0x0000,
  0x0000, 0x0000, 0x0000, 0x0000, 0x0000, 0x0000, 0x0000, 0x0000, 0x0000, 0x0000, 0x0000, 0x0000,
  0x0000, 0x0000, 0x0000, 0x0020, 0x0000, 0x0860, 0xB486, 0x9C05, 0x2101, 0x0000, 0x0000, 0x0000,
  0x0000, 0x0000, 0x0020, 0x20C1, 0x20C1, 0x0020, 0x0000, 0x0000, 0x0000, 0x0000, 0x0000, 0x2101,
  0x9C05, 0xB486, 0x0860, 0x0000, 0x0020, 0x0000, 0x0000, 0x0000, 0x0000, 0x0000, 0x0000, 0x0000,
  0x0000, 0x0000, 0x0000, 0x0000, 0x0000, 0x0000, 0x0000, 0x0000, 0x0000, 0x20E1, 0xCD47, 0x4A02,
  0x0000, 0x0000, 0x0000, 0x0000, 0x0000, 0x0000, 0x18A0, 0x6AC3, 0x6AC3, 0x18A0, 0x0000, 0x0000,
  0x0000, 0x0000, 0x0000, 0x0000, 0x4A02, 0xCD47, 0x20E1, 0x0000, 0x0000, 0x0000, 0x0000, 0x0000,
  0x0000, 0x0000, 0x0000, 0x0000, 0x0000, 0x0000, 0x0000, 0x0000, 0x0000, 0x0000, 0x0000, 0x0000,
  0x0000, 0x1080, 0x5222, 0x1080, 0x0000, 0x0000, 0x0000, 0x0000, 0x0000, 0x0000, 0x20E1, 0x8BA5,
  0x8BA5, 0x20E1, 0x0000, 0x0000, 0x0000, 0x0000, 0x0000, 0x0000, 0x1080, 0x5222, 0x1080, 0x0000,
  0x0000, 0x0000, 0x0000, 0x0000, 0x0000, 0x0000, 0x0000, 0x0000, 0x0000, 0x0000, 0x0000, 0x0000,
  0x0000, 0x0000, 0x0000, 0x0000, 0x0000, 0x0000, 0x0000, 0x0000, 0x0000, 0x0000, 0x0000, 0x0000,
  0x0000, 0x0000, 0x18A0, 0x7304, 0x7304, 0x18A0, 0x0000, 0x0000, 0x0000, 0x0000, 0x0000, 0x0000,
  0x0000, 0x0000, 0x0000, 0x0000, 0x0000, 0x0000, 0x0000, 0x0000, 0x0000, 0x0000, 0x0000, 0x0000,
  0x0000, 0x0000, 0x0000, 0x0000, 0x0000, 0x0000, 0x0000, 0x0000, 0x0000, 0x0000, 0x0000, 0x0000,
  0x0000, 0x0000, 0x0000, 0x0000, 0x0000, 0x0000, 0x1080, 0x6263, 0x6263, 0x1080, 0x0000, 0x0000,
  0x0000, 0x0000, 0x0000, 0x0000, 0x0000, 0x0000, 0x0000, 0x0000, 0x0000, 0x0000, 0x0000, 0x0000,
  0x0000, 0x0000, 0x0000, 0x0000,
};

static const uint8_t ICON_SUNNY_A[1600] = {
  0, 0, 0, 0, 0, 0, 0, 0, 0, 1, 3, 1, 0, 0, 0, 0, 3, 0, 23, 96,
  96, 23, 0, 3, 0, 0, 0, 0, 1, 3, 1, 0, 0, 0, 0, 0, 0, 0, 0, 0,
  0, 0, 0, 0, 0, 0, 0, 0, 0, 0, 0, 0, 1, 0, 0, 0, 4, 0, 27, 117,
  117, 27, 0, 4, 0, 0, 0, 1, 0, 0, 0, 0, 0, 0, 0, 0, 0, 0, 0, 0,
  0, 0, 0, 0, 0, 0, 1, 0, 0, 21, 76, 18, 0, 3, 0, 0, 4, 0, 33, 142,
  142, 33, 0, 4, 0, 0, 3, 0, 18, 76, 21, 0, 0, 1, 0, 0, 0, 0, 0, 0,
  0, 0, 0, 0, 0, 0, 1, 2, 0, 37, 198, 77, 0, 4, 0, 0, 3, 0, 25, 107,
  107, 25, 0, 3, 0, 0, 4, 0, 77, 198, 37, 0, 2, 1, 0, 0, 0, 0, 0, 0,
  0, 0, 0, 0, 0, 0, 0, 5, 0, 14, 176, 154, 39, 0, 2, 0, 1, 0, 7, 32,
  32, 7, 0, 1, 0, 2, 0, 39, 154, 176, 14, 0, 5, 0, 0, 0, 0, 0, 0, 0,
  0, 0, 0, 0, 0, 0, 0, 1, 0, 1, 47, 205, 123, 0, 4, 0, 0, 0, 0, 1,
  1, 0, 0, 0, 0, 4, 0, 123, 205, 47, 1, 0, 1, 0, 0, 0, 0, 0, 0, 0,
  0, 0, 0, 1, 0, 0, 0, 0, 0, 0, 0, 80, 57, 0, 2, 2, 4, 5, 6, 4,
  5, 7, 7, 6, 4, 2, 0, 57, 80, 0, 0, 0, 0, 0, 0, 0, 1, 0, 0, 0,
  0, 0, 0, 2, 5, 2, 0, 0, 0, 0, 0, 0, 0, 1, 4, 0, 0, 0, 0, 0,
  0, 0, 0, 0, 0, 5, 2, 0, 0, 0, 0, 0, 0, 0, 2, 5, 2, 0, 0, 0,
  0, 0, 0, 0, 0, 0, 1, 0, 0, 0, 1, 2, 3, 0, 0, 4, 24, 38, 55, 73,
  70, 60, 54, 45, 20, 0, 0, 4, 3, 1, 0, 0, 0, 1, 0, 0, 0, 0, 0, 0,
  0, 0, 21, 37, 15, 1, 0, 0, 0, 0, 0, 0, 0, 0, 16, 85, 141, 182, 224, 255,
  255, 244, 229, 205, 132, 25, 3, 0, 0, 0, 0, 0, 0, 0, 1, 15, 37, 21, 0, 0,
  3, 0, 76, 198, 177, 47, 0, 0, 2, 0, 0, 3, 0, 45, 173, 241, 249, 251, 255, 255,
  255, 255, 255, 255, 248, 225, 81, 0, 0, 1, 0, 2, 0, 0, 47, 177, 198, 76, 0, 3,
  1, 3, 24, 76, 155, 213, 75, 0, 4, 0, 4, 12, 106, 209, 249, 255, 255, 255, 255, 253,
  253, 254, 255, 255, 255, 255, 221, 142, 42, 3, 0, 5, 0, 75, 213, 155, 76, 24, 3, 1,
  0, 2, 0, 0, 40, 129, 54, 0, 3, 1, 0, 103, 225, 255, 255, 251, 252, 253, 254, 255,
  255, 254, 254, 253, 252, 250, 255, 251, 140, 0, 1, 3, 0, 54, 129, 40, 0, 0, 2, 0,
  0, 0, 2, 5, 0, 0, 0, 2, 0, 0, 44, 212, 255, 244, 253, 255, 255, 255, 255, 255,
  255, 255, 255, 255, 255, 255, 245, 254, 228, 79, 0, 0, 3, 0, 0, 0, 5, 2, 0, 0,
  0, 0, 0, 0, 2, 4, 2, 4, 0, 16, 173, 249, 253, 253, 255, 255, 255, 255, 255, 255,
  255, 255, 255, 255, 255, 255, 254, 251, 255, 225, 24, 1, 6, 2, 4, 2, 0, 0, 0, 0,
  0, 0, 0, 0, 0, 0, 2, 0, 6, 85, 241, 255, 251, 255, 255, 255, 255, 255, 255, 255,
  255, 255, 255, 255, 255, 255, 255, 252, 255, 250, 133, 22, 1, 4, 0, 0, 0, 0, 0, 0,
  3, 3, 4, 3, 1, 0, 3, 0, 22, 142, 253, 255, 251, 255, 255, 255, 255, 255, 255, 255,
  255, 255, 255, 255, 255, 255, 255, 253, 254, 254, 205, 44, 0, 6, 0, 1, 3, 4, 3, 3,
  0, 0, 0, 0, 0, 0, 5, 0, 38, 182, 251, 255, 252, 255, 255, 255, 255, 255, 255, 255,
  255, 255, 255, 255, 255, 255, 255, 255, 255, 255, 241, 57, 0, 7, 0, 0, 0, 0, 0, 0,
  23, 27, 34, 25, 8, 0, 6, 0, 52, 224, 255, 254, 254, 255, 255, 255, 255, 255, 255, 255,
  255, 255, 255, 255, 255, 255, 255, 255, 253, 255, 255, 65, 0, 7, 0, 8, 25, 34, 27, 23,
  96, 116, 143, 108, 32, 1, 5, 0, 66, 255, 255, 253, 255, 255, 255, 255, 255, 255, 255, 255,
  255, 255, 255, 255, 255, 255, 255, 255, 252, 255, 254, 70, 0, 6, 1, 32, 108, 143, 116, 96,
  96, 116, 143, 108, 32, 1, 5, 0, 66, 255, 255, 253, 255, 255, 255, 255, 255, 255, 255, 255,
  255, 255, 255, 255, 255, 255, 255, 255, 252, 255, 254, 70, 0, 6, 1, 32, 108, 143, 116, 96,
  23, 27, 34, 25, 8, 0, 6, 0, 52, 224, 255, 254, 254, 255, 255, 255, 255, 255, 255, 255,
  255, 255, 255, 255, 255, 255, 255, 255, 253, 255, 255, 65, 0, 7, 0, 8, 25, 34, 27, 23,
  0, 0, 0, 0, 0, 0, 5, 0, 38, 182, 251, 255, 252, 255, 255, 255, 255, 255, 255, 255,
  255, 255, 255, 255, 255, 255, 255, 255, 255, 255, 241, 57, 0, 7, 0, 0, 0, 0, 0, 0,
  3, 3, 4, 3, 1, 0, 3, 0, 22, 142, 253, 255, 251, 255, 255, 255, 255, 255, 255, 255,
  255, 255, 255, 255, 255, 255, 255, 253, 254, 254, 205, 44, 0, 6, 0, 1, 3, 4, 3, 3,
  0, 0, 0, 0, 0, 0, 2, 0, 6, 85, 241, 255, 251, 255, 255, 255, 255, 255, 255, 255,
  255, 255, 255, 255, 255, 255, 255, 252, 255, 250, 133, 22, 1, 4, 0, 0, 0, 0, 0, 0,
  0, 0, 0, 0, 2, 4, 2, 4, 0, 16, 173, 249, 253, 253, 255, 255, 255, 255, 255, 255,
  255, 255, 255, 255, 255, 255, 254, 251, 255, 225, 24, 1, 6, 2, 4, 2, 0, 0, 0, 0,
  0, 0, 2, 5, 0, 0, 0, 2, 0, 0, 44, 212, 255, 244, 253, 255, 255, 255, 255, 255,
  255, 255, 255, 255, 255, 255, 245, 254, 228, 79, 0, 0, 3, 0, 0, 0, 5, 2, 0, 0,
  0, 2, 0, 0, 40, 124, 51, 0, 3, 1, 0, 103, 225, 255, 255, 251, 252, 253, 254, 255,
  255, 254, 254, 253, 252, 250, 255, 251, 140, 0, 1, 3, 0, 51, 124, 40, 0, 0, 2, 0,
  1, 3, 24, 76, 154, 206, 71, 0, 4, 0, 4, 12, 106, 209, 249, 255, 255, 255, 255, 253,
  253, 254, 255, 255, 255, 255, 221, 142, 42, 3, 0, 5, 0, 71, 206, 154, 76, 24, 3, 1,
  3, 0, 77, 199, 177, 47, 0, 0, 2, 0, 0, 3, 0, 45, 173, 241, 249, 251, 255, 255,
  255, 255, 255, 255, 248, 225, 81, 0, 0, 1, 0, 2, 0, 0, 47, 177, 199, 77, 0, 3,
  1, 0, 28, 46, 15, 1, 0, 0, 0, 0, 0, 0, 0, 0, 16, 85, 141, 182, 224, 255,
  255, 244, 229, 205, 132, 25, 3, 0, 0, 0, 0, 0, 0, 0, 1, 15, 46, 28, 0, 1,
  0, 0, 1, 0, 0, 0, 1, 0, 0, 0, 1, 4, 4, 0, 0, 4, 24, 38, 55, 73,
  70, 60, 54, 45, 20, 0, 0, 5, 4, 1, 0, 0, 0, 1, 0, 0, 0, 1, 0, 0,
  0, 0, 0, 1, 5, 2, 0, 0, 0, 0, 0, 0, 0, 1, 4, 0, 0, 0, 0, 0,
  0, 0, 0, 0, 0, 4, 2, 0, 0, 0, 0, 0, 0, 0, 2, 5, 1, 0, 0, 0,
  0, 0, 1, 1, 0, 0, 0, 0, 0, 0, 0, 72, 51, 0, 1, 2, 4, 5, 6, 4,
  5, 7, 7, 6, 4, 1, 0, 51, 72, 0, 0, 0, 0, 0, 0, 0, 1, 1, 0, 0,
  0, 0, 0, 0, 0, 0, 0, 1, 0, 1, 47, 205, 124, 0, 4, 0, 0, 0, 0, 1,
  1, 0, 0, 0, 0, 4, 0, 124, 205, 47, 1, 0, 1, 0, 0, 0, 0, 0, 0, 0,
  0, 0, 0, 0, 0, 0, 0, 5, 0, 14, 176, 154, 39, 0, 2, 0, 1, 0, 7, 32,
  32, 7, 0, 1, 0, 2, 0, 39, 154, 176, 14, 0, 5, 0, 0, 0, 0, 0, 0, 0,
  0, 0, 0, 0, 0, 0, 1, 2, 0, 38, 206, 79, 0, 4, 0, 0, 3, 0, 25, 107,
  107, 25, 0, 3, 0, 0, 4, 0, 79, 206, 38, 0, 2, 1, 0, 0, 0, 0, 0, 0,
  0, 0, 0, 0, 0, 0, 1, 0, 0, 21, 82, 20, 0, 3, 0, 0, 4, 0, 33, 142,
  142, 33, 0, 4, 0, 0, 3, 0, 20, 82, 21, 0, 0, 1, 0, 0, 0, 0, 0, 0,
  0, 0, 0, 0, 0, 0, 0, 0, 0, 0, 0, 0, 1, 0, 0, 0, 4, 0, 27, 117,
  117, 27, 0, 4, 0, 0, 0, 1, 0, 0, 0, 0, 0, 0, 0, 0, 0, 0, 0, 0,
  0, 0, 0, 0, 0, 0, 0, 0, 0, 1, 3, 1, 0, 0, 0, 0, 3, 0, 23, 96,
  96, 23, 0, 3, 0, 0, 0, 0, 1, 3, 1, 0, 0, 0, 0, 0, 0, 0, 0, 0,
};

static const uint16_t ICON_SUNNY_CLOUD[1600] = {
  0x0000, 0x0000, 0x0000, 0x0000, 0x0000, 0x0000, 0x0000, 0x0000, 0x0000, 0x0000, 0x0000, 0x0000,
  0x0000, 0x0000, 0x0000, 0x0000, 0x0000, 0x0000, 0x0000, 0x0000, 0x0000, 0x0000, 0x3140, 0x7301,
  0x5201, 0x0020, 0x0000, 0x0000, 0x0000, 0x0000, 0x0000, 0x0000, 0x0000, 0x0000, 0x0000, 0x0000,
  0x0000, 0x0000, 0x0000, 0x0000, 0x0000, 0x0000, 0x0000, 0x0000, 0x0000, 0x0000, 0x0000, 0x0000,
  0x0000, 0x0000, 0x0000, 0x0000, 0x0000, 0x0000, 0x0000, 0x0000, 0x0000, 0x0000, 0x0000, 0x0000,
  0x0000, 0x0000, 0x39A1, 0x93C2, 0x62A1, 0x0820, 0x0000, 0x0000, 0x0000, 0x0000, 0x0000, 0x0000,
  0x0000, 0x0000, 0x0000, 0x0000, 0x0000, 0x0000, 0x0000, 0x0000, 0x0000, 0x0000, 0x0000, 0x0000,
  0x0000, 0x0000, 0x0000, 0x0000, 0x0000, 0x0000, 0x0000, 0x0000, 0x0000, 0x0000, 0x0000, 0x0000,
  0x0000, 0x0000, 0x0000, 0x0000, 0x0000, 0x0000, 0x49E1, 0xB482, 0x7B22, 0x0820, 0x0000, 0x0000,
  0x0000, 0x0000, 0x0000, 0x0000, 0x0000, 0x0000, 0x0000, 0x0000, 0x0000, 0x0000, 0x0000, 0x0000,
  0x0000, 0x0000, 0x0000, 0x0000, 0x0000, 0x0000, 0x0000, 0x0000, 0x0000, 0x0000, 0x0840, 0x5A41,
  0x3980, 0x0000, 0x0000, 0x0000, 0x0000, 0x0000, 0x0000, 0x0000, 0x0000, 0x0000, 0x3140, 0x72E1,
  0x4A01, 0x0820, 0x0000, 0x0000, 0x0000, 0x0000, 0x0000, 0x0000, 0x0000, 0x0000, 0x1060, 0x62A1,
  0x2920, 0x0000, 0x0000, 0x0000, 0x0000, 0x0000, 0x0000, 0x0000, 0x0000, 0x0000, 0x0000, 0x0000,
  0x0000, 0x0000, 0x18A0, 0xCD43, 0xC4E3, 0x2100, 0x0000, 0x0000, 0x0000, 0x0000, 0x0000, 0x0000,
  0x0000, 0x0000, 0x0000, 0x0000, 0x0000, 0x0000, 0x0000, 0x0000, 0x0000, 0x0000, 0x0000, 0x0000,
  0x0000, 0x0860, 0x7301, 0xF623, 0x62A1, 0x0000, 0x0000, 0x0000, 0x0000, 0x0000, 0x0000, 0x0000,
  0x0000, 0x0000, 0x0000, 0x0000, 0x0000, 0x0000, 0x0000, 0x3960, 0xC523, 0xCD23, 0x20E0, 0x0000,
  0x0000, 0x0000, 0x0000, 0x0000, 0x0000, 0x0000, 0x0000, 0x0000, 0x0000, 0x0000, 0x0000, 0x0000,
  0x0000, 0x0000, 0x0000, 0x0000, 0x0840, 0x7B42, 0xEE23, 0x6AC1, 0x0860, 0x0000, 0x0000, 0x0000,
  0x0000, 0x0000, 0x0000, 0x0000, 0x0000, 0x0000, 0x0000, 0x0000, 0x0000, 0x0000, 0x0000, 0x0000,
  0x41C1, 0xB4A2, 0x9C02, 0x0840, 0x0020, 0x0000, 0x0000, 0x20C0, 0x6261, 0x8B82, 0xAC42, 0xC4E3,
  0xB4A2, 0x93C2, 0x7301, 0x3980, 0x0000, 0x0000, 0x0020, 0x0000, 0x5A61, 0xCD23, 0x7301, 0x0840,
  0x0000, 0x0000, 0x0000, 0x0000, 0x0000, 0x0000, 0x0000, 0x0000, 0x0000, 0x0000, 0x0000, 0x0000,
  0x0000, 0x0000, 0x0000, 0x0000, 0x0000, 0x3140, 0x5A61, 0x0840, 0x0000, 0x1060, 0x6281, 0xAC62,
  0xDD83, 0xF643, 0xFEE4, 0xFF44, 0xFF04, 0xFE84, 0xE5E3, 0xC503, 0x8362, 0x3140, 0x0000, 0x0000,
  0x41A1, 0x5A61, 0x0020, 0x0000, 0x0000, 0x0000, 0x0000, 0x0000, 0x0000, 0x0000, 0x0000, 0x0000,
  0x0000, 0x0000, 0x0000, 0x0000, 0x0000, 0x0000, 0x0000, 0x0000, 0x0000, 0x0000, 0x0000, 0x0000,
  0x20E0, 0x8342, 0xE5E3, 0xFF04, 0xFEC4, 0xFE84, 0xFE63, 0xF643, 0xF643, 0xFE64, 0xFE84, 0xFF04,
  0xFEA4, 0xAC62, 0x41C1, 0x0020, 0x0000, 0x0000, 0x0000, 0x0000, 0x0000, 0x0000, 0x0000, 0x0000,
  0x0000, 0x0000, 0x0000, 0x0000, 0x0000, 0x0000, 0x0000, 0x0000, 0x0000, 0x0000, 0x0000, 0x0000,
  0x0000, 0x0000, 0x0000, 0x0840, 0xB482, 0xFEE4, 0xFE64, 0xFE64, 0xFE64, 0xFE64, 0xFE84, 0xFE84,
  0xFE84, 0xFE64, 0xFE64, 0xFE64, 0xFE64, 0xFEA4, 0xEE03, 0x41C1, 0x0000, 0x0820, 0x0000, 0x0000,
  0x0000, 0x0000, 0x0000, 0x0000, 0x0000, 0x0000, 0x0000, 0x0000, 0x0000, 0x0000, 0x0000, 0x0000,
  0x0000, 0x0000, 0x0000, 0x0000, 0x0000, 0x0000, 0x0020, 0x7B42, 0xEE03, 0xFEC4, 0xFE64, 0xFE84,
  0xFE84, 0xFE84, 0xFE84, 0xFE84, 0xFE84, 0xFE84, 0xFE84, 0xFE84, 0xFE64, 0xFEA4, 0xFEA4, 0xB482,
  0x3140, 0x0000, 0x0000, 0x0000, 0x0000, 0x0000, 0x0000, 0x0000, 0x0000, 0x0000, 0x0000, 0x0000,
  0x0000, 0x0000, 0x0000, 0x0000, 0x0000, 0x0000, 0x0000, 0x0000, 0x0000, 0x0000, 0x3980, 0xE5C3,
  0xFEC4, 0xFE63, 0xFE64, 0xFE84, 0xFE84, 0xFE84, 0xFE84, 0xFE84, 0xFE84, 0xFE84, 0xFE84, 0xFE84,
  0xFE64, 0xFE84, 0xFE64, 0xF6A4, 0x8362, 0x0840, 0x0000, 0x0000, 0x0000, 0x0000, 0x0000, 0x0000,
  0x0000, 0x0000, 0x0000, 0x0000, 0x0000, 0x0000, 0x0000, 0x0000, 0x0000, 0x0000, 0x0000, 0x0020,
  0x0000, 0x1080, 0x8B82, 0xFE84, 0xFEC4, 0xFE63, 0xFE84, 0xFE84, 0xFE84, 0xFE84, 0xFE84, 0xFE84,
  0xFE84, 0xFE84, 0xFE84, 0xFE84, 0xFE84, 0xFE84, 0xFE64, 0xFF04, 0xC503, 0x3981, 0x0000, 0x0000,
  0x0000, 0x0000, 0x0000, 0x0000, 0x0000, 0x0000, 0x0000, 0x0000, 0x0000, 0x0000, 0x0000, 0x0000,
  0x0000, 0x0000, 0x0000, 0x0020, 0x0000, 0x2900, 0xCD22, 0xFE63, 0xFE84, 0xFE64, 0xFE84, 0xFE84,
  0xFE84, 0xFE84, 0xFE84, 0xFE84, 0xFE84, 0xFE84, 0xFE84, 0xFE84, 0xFE84, 0xFE84, 0xFE64, 0xFE84,
  0xE5C3, 0x72E1, 0x0000, 0x0000, 0x0000, 0x0000, 0x0000, 0x0000, 0x0000, 0x0000, 0x0000, 0x0000,
  0x0000, 0x0000, 0x0000, 0x0000, 0x0000, 0x0000, 0x0000, 0x0020, 0x0000, 0x3981, 0xEE04, 0xFE84,
  0xFE83, 0xFE63, 0xFE83, 0xFE84, 0xFE84, 0xFE84, 0xFE84, 0xFE84, 0xFE84, 0xFE84, 0xFE84, 0xFE84,
  0xFE84, 0xFE84, 0xFE64, 0xFE64, 0xFE63, 0x93C2, 0x0000, 0x0000, 0x0820, 0x0840, 0x0820, 0x0020,
  0x0000, 0x0000, 0x0000, 0x0000, 0x0000, 0x0000, 0x0000, 0x0000, 0x0000, 0x0000, 0x0000, 0x10A2,
  0x1947, 0x638C, 0xDEB0, 0xE6AC, 0xF666, 0xFE83, 0xFE83, 0xFE84, 0xFE84, 0xFE84, 0xFE84, 0xFE84,
  0xFE84, 0xFE84, 0xFE84, 0xFE84, 0xFE84, 0xFE84, 0xFE84, 0xF643, 0xFF04, 0xB4A2, 0x0000, 0x0000,
  0x5221, 0x8362, 0x6AC1, 0x5221, 0x0000, 0x0000, 0x0000, 0x0000, 0x0000, 0x0000, 0x0000, 0x0000,
  0x0000, 0x0862, 0x4B2E, 0x7D17, 0x859A, 0x961B, 0xAEBC, 0xB6BB, 0xB699, 0xC695, 0xE68B, 0xFE82,
  0xFE83, 0xFE84, 0xFE83, 0xFE84, 0xFE84, 0xFE84, 0xFE84, 0xFE84, 0xFE84, 0xFE84, 0xFE84, 0xF643,
  0xFF24, 0xBCC3, 0x0000, 0x0000, 0x72E1, 0xB4A2, 0x93C2, 0x7301, 0x0000, 0x0000, 0x0000, 0x0000,
  0x0000, 0x0000, 0x0000, 0x0000, 0x2146, 0x6C53, 0x9E3D, 0xAF3F, 0xB73F, 0xA6DF, 0x9E9F, 0x9EBF,
  0x9EBF, 0x9EBF, 0xB699, 0xDE8E, 0xFE84, 0xFE83, 0xFE84, 0xFE84, 0xFE84, 0xFE84, 0xFE84, 0xFE84,
  0xFE84, 0xFE84, 0xFE64, 0xFE63, 0xFEC4, 0xA442, 0x0000, 0x0000, 0x3140, 0x49E1, 0x3981, 0x3140,
  0x0000, 0x0000, 0x0000, 0x0000, 0x0000, 0x0000, 0x0000, 0x1925, 0x74B5, 0xB75F, 0xA6DF, 0x9E7E,
  0x9E7E, 0xA69E, 0xA6BE, 0xA6BE, 0xA6BE, 0xA6BE, 0x9EBF, 0xAEBD, 0xDE8D, 0xFE84, 0xFE82, 0xFE83,
  0xFE82, 0xFE83, 0xFE83, 0xFE84, 0xFE84, 0xFE84, 0xFE64, 0xFE84, 0xF623, 0x8362, 0x0000, 0x0000,
  0x0000, 0x0000, 0x0000, 0x0000, 0x0000, 0x0000, 0x0000, 0x0000, 0x0000, 0x0000, 0x0020, 0x5BB1,
  0xAEFF, 0x9E7E, 0xA69E, 0xA6BE, 0xA6BE, 0xA6BE, 0xA6BE, 0xA6BE, 0xA6BE, 0xA6BE, 0xA6BF, 0xA6BE,
  0xB69A, 0xEE89, 0xFE82, 0xFE85, 0xFE85, 0xFE84, 0xFE84, 0xFE83, 0xFE83, 0xFE84, 0xFE64, 0xFEA4,
  0xDD83, 0x5A61, 0x0000, 0x0000, 0x0000, 0x0000, 0x0000, 0x0000, 0x0000, 0x0000, 0x0000, 0x0000,
  0x0000, 0x0000, 0x3A6B, 0x8D9A, 0xAEFF, 0xA69E, 0xA6BE, 0xA6BE, 0xA6BE, 0xA6BE, 0xA6BE, 0xA6BE,
  0xA6BE, 0xA6BE, 0xA6BE, 0xA6BF, 0xA6BF, 0xCE93, 0xDE8D, 0xD691, 0xC694, 0xD690, 0xE68A, 0xFE85,
  0xFE83, 0xFE84, 0xFE64, 0xFF04, 0xAC62, 0x20C0, 0x0000, 0x0000, 0x0000, 0x0000, 0x0000, 0x0000,
  0x0000, 0x0000, 0x0000, 0x0000, 0x0000, 0x0000, 0x5BD1, 0xA69F, 0xA69E, 0xA69E, 0xA6BE, 0xA6BE,
  0xA6BE, 0xA6BE, 0xA6BE, 0xA6BE, 0xA6BE, 0xA6BE, 0xA6BE, 0xA6BE, 0xA6BF, 0xAEBD, 0xAEBB, 0xAEBC,
  0xA6BD, 0xAEBC, 0xAE9B, 0xC694, 0xEE89, 0xFE82, 0xFE63, 0xDDC3, 0x5A61, 0x0000, 0x0000, 0x0000,
  0x0000, 0x0000, 0x0000, 0x0000, 0x0000, 0x0000, 0x0000, 0x0000, 0x0000, 0x0000, 0x74B5, 0xAF1F,
  0x9E7E, 0xA69E, 0xA6BE, 0xA6BE, 0xA6BE, 0xA6BE, 0xA6BE, 0xA6BE, 0xA6BE, 0xA6BE, 0xA6BE, 0xA6BE,
  0xA6BE, 0xA6BF, 0x9EBF, 0xA6BF, 0xA6BF, 0xA6BF, 0x9EBF, 0xA6BF, 0xBE96, 0xF6A9, 0xFEE4, 0x8362,
  0x18A1, 0x0020, 0x0020, 0x0000, 0x0000, 0x0000, 0x0000, 0x0000, 0x0000, 0x0000, 0x0000, 0x0000,
  0x0000, 0x0020, 0x7D17, 0xB77F, 0x9E7D, 0xA6BE, 0xA6BE, 0xA6BE, 0xA6BE, 0xA6BE, 0xA6BE, 0xA6BE,
  0xA6BE, 0xA6BE, 0xA6BE, 0xA6BE, 0xA6BE, 0xA6BE, 0xA6BE, 0xA6BE, 0xA6BE, 0xA6BE, 0xA6BD, 0x9E9F,
  0xAEDE, 0xBE74, 0xA422, 0x1860, 0x0000, 0x0000, 0x0000, 0x0000, 0x0000, 0x0000, 0x0000, 0x0000,
  0x0000, 0x0000, 0x0000, 0x0000, 0x0000, 0x0000, 0x74B5, 0xB75F, 0x9E7E, 0xA6BE, 0xA6BE, 0xA6BE,
  0xA6BE, 0xA6BE, 0xA6BE, 0xA6BE, 0xA6BE, 0xA6BE, 0xA6BE, 0xA6BE, 0xA6BE, 0xA6BE, 0xA6BE, 0xA6BE,
  0xA6BE, 0xA6BE, 0xA6BE, 0xA69E, 0xAF1F, 0x961B, 0x1925, 0x0862, 0x0862, 0x0841, 0x0020, 0x0000,
  0x0000, 0x0000, 0x0000, 0x0000, 0x0000, 0x0000, 0x0000, 0x0020, 0x0000, 0x0000, 0x6412, 0xA6DF,
  0xA69E, 0xA69E, 0xA6BE, 0xA6BE, 0xA6BE, 0xA6BE, 0xA6BE, 0xA6BE, 0xA6BE, 0xA6BE, 0xA6BE, 0xA6BE,
  0xA6BE, 0xA6BE, 0xA6BE, 0xA6BE, 0xA6BE, 0xA6BE, 0xA6BE, 0xA69E, 0xA6BF, 0xA69E, 0x8579, 0x8579,
  0x7D17, 0x6433, 0x42CD, 0x0861, 0x0000, 0x0000, 0x0000, 0x0000, 0x0000, 0x0020, 0x0000, 0x0000,
  0x29C8, 0x42CD, 0x8558, 0xA6BF, 0xA69E, 0xA6BE, 0xA6BE, 0xA6BE, 0xA6BE, 0xA6BE, 0xA6BE, 0xA6BE,
  0xA6BE, 0xA6BE, 0xA6BE, 0xA6BE, 0xA6BE, 0xA6BE, 0xA6BE, 0xA6BE, 0xA6BE, 0xA6BE, 0xA6BE, 0xA6BE,
  0xA6BE, 0xA6BF, 0xAEDF, 0xAEFF, 0xA6BF, 0x9E7D, 0x961C, 0x7CD6, 0x31E9, 0x0020, 0x0000, 0x0000,
  0x0000, 0x0000, 0x2146, 0x5390, 0x7D17, 0x95FB, 0xA69E, 0xA6BE, 0xA6BE, 0xA6BE, 0xA6BE, 0xA6BE,
  0xA6BE, 0xA6BE, 0xA6BE, 0xA6BE, 0xA6BE, 0xA6BE, 0xA6BE, 0xA6BE, 0xA6BE, 0xA6BE, 0xA6BE, 0xA6BE,
  0xA6BE, 0xA6BE, 0xA6BE, 0xA6BE, 0xA6BE, 0xA6BE, 0xA69E, 0xA69E, 0xA6BE, 0xA6DF, 0xAEFF, 0xAF1F,
  0x8D99, 0x3209, 0x0000, 0x0000, 0x0000, 0x1945, 0x74B5, 0xAEFF, 0xAEFF, 0xA6DF, 0xA6BF, 0xA6BE,
  0xA6BE, 0xA6BE, 0xA6BE, 0xA6BE, 0xA6BE, 0xA6BE, 0xA6BE, 0xA6BE, 0xA6BE, 0xA6BE, 0xA6BE, 0xA6BE,
  0xA6BE, 0xA6BE, 0xA6BE, 0xA6BE, 0xA6BE, 0xA6BE, 0xA6BE, 0xA6BE, 0xA6BE, 0xA6BE, 0xA69E, 0xA69E,
  0xA69E, 0xA69E, 0xA69E, 0x9E7D, 0xB75F, 0x7D17, 0x1904, 0x0000, 0x0021, 0x6C54, 0xB73F, 0x9E7E,
  0xA69E, 0xA69E, 0xA6BE, 0xA6BE, 0xA6BE, 0xA6BE, 0xA6BE, 0xA6BE, 0xA6BE, 0xA6BE, 0xA6BE, 0xA6BE,
  0xA6BE, 0xA6BE, 0xA6BE, 0xA6BE, 0xA6BE, 0xA6BE, 0xA6BE, 0xA6BE, 0xA6BE, 0xA6BE, 0xA6BE, 0xA6BE,
  0xA6BE, 0xA6BE, 0xA6BE, 0xA6BE, 0xA6BE, 0xA6BE, 0xA6BE, 0xA69E, 0x9E9E, 0xAEDF, 0x5BD1, 0x0000,
  0x4B0E, 0x8D9A, 0xAF3F, 0xA69E, 0xA6BE, 0xA6BE, 0xA6BE, 0xA6BE, 0xA6BE, 0xA6BE, 0xA6BE, 0xA6BE,
  0xA6BE, 0xA6BE, 0xA6BE, 0xA6BE, 0xA6BE, 0xA6BE, 0xA6BE, 0xA6BE, 0xA6BE, 0xA6BE, 0xA6BE, 0xA6BE,
  0xA6BE, 0xA6BE, 0xA6BE, 0xA6BE, 0xA6BE, 0xA6BE, 0xA6BE, 0xA6BE, 0xA6BE, 0xA6BE, 0xA6BE, 0xA6BE,
  0x9E7E, 0xB77F, 0x74D6, 0x0861, 0x74D6, 0x961C, 0xAEFF, 0xA69E, 0xA6BE, 0xA6BE, 0xA6BE, 0xA6BE,
  0xA6BE, 0xA6BE, 0xA6BE, 0xA6BE, 0xA6BE, 0xA6BE, 0xA6BE, 0xA6BE, 0xA6BE, 0xA6BE, 0xA6BE, 0xA6BE,
  0xA6BE, 0xA6BE, 0xA6BE, 0xA6BE, 0xA6BE, 0xA6BE, 0xA6BE, 0xA6BE, 0xA6BE, 0xA6BE, 0xA6BE, 0xA6BE,
  0xA6BE, 0xA6BE, 0xA6BE, 0xA6BE, 0xA67E, 0xB75F, 0x7D38, 0x2187, 0x95FB, 0x9E7D, 0xA6BF, 0xA6BE,
  0xA6BE, 0xA6BE, 0xA6BE, 0xA6BE, 0xA6BE, 0xA6BE, 0xA6BE, 0xA6BE, 0xA6BE, 0xA6BE, 0xA6BE, 0xA6BE,
  0xA6BE, 0xA6BE, 0xA6BE, 0xA6BE, 0xA6BE, 0xA6BE, 0xA6BE, 0xA6BE, 0xA6BE, 0xA6BE, 0xA6BE, 0xA6BE,
  0xA6BE, 0xA6BE, 0xA6BE, 0xA6BE, 0xA6BE, 0xA6BE, 0xA6BE, 0xA6BE, 0xA69E, 0xB73F, 0x8558, 0x3A4A,
  0x9E3C, 0x9E9E, 0xA6BF, 0xA6BE, 0xA6BE, 0xA6BE, 0xA6BE, 0xA6BE, 0xA6BE, 0xA6BE, 0xA6BE, 0xA6BE,
  0xA6BE, 0xA6BE, 0xA6BE, 0xA6BE, 0xA6BE, 0xA6BE, 0xA6BE, 0xA6BE, 0xA6BE, 0xA6BE, 0xA6BE, 0xA6BE,
  0xA6BE, 0xA6BE, 0xA6BE, 0xA6BE, 0xA6BE, 0xA6BE, 0xA6BE, 0xA6BE, 0xA6BE, 0xA6BE, 0xA6BE, 0xA6BE,
  0xA67E, 0xB75F, 0x7D38, 0x29A7, 0x8558, 0x9E3D, 0xA6DF, 0xA69E, 0xA6BE, 0xA6BE, 0xA6BE, 0xA6BE,
  0xA6BE, 0xA6BE, 0xA6BE, 0xA6BE, 0xA6BE, 0xA6BE, 0xA6BE, 0xA6BE, 0xA6BE, 0xA6BE, 0xA6BE, 0xA6BE,
  0xA6BE, 0xA6BE, 0xA6BE, 0xA6BE, 0xA6BE, 0xA6BE, 0xA6BE, 0xA6BE, 0xA6BE, 0xA6BE, 0xA6BE, 0xA6BE,
  0xA6BE, 0xA6BE, 0xA6BE, 0xA6BE, 0x9E7E, 0xBF7F, 0x74D6, 0x0862, 0x6413, 0x95DB, 0xAEFF, 0xA69E,
  0xA6BE, 0xA6BE, 0xA6BE, 0xA6BE, 0xA6BE, 0xA6BE, 0xA6BE, 0xA6BE, 0xA6BE, 0xA6BE, 0xA6BE, 0xA6BE,
  0xA6BE, 0xA6BE, 0xA6BE, 0xA6BE, 0xA6BE, 0xA6BE, 0xA6BE, 0xA6BE, 0xA6BE, 0xA6BE, 0xA6BE, 0xA6BE,
  0xA6BE, 0xA6BE, 0xA6BE, 0xA6BE, 0xA6BE, 0xA6BE, 0xA6BE, 0xA69E, 0xA67E, 0xAF1F, 0x63F2, 0x0000,
  0x1925, 0x7D17, 0xB75F, 0x9E5D, 0xA69E, 0xA69E, 0xA6BE, 0xA6BE, 0xA6BE, 0xA6BE, 0xA6BE, 0xA6BE,
  0xA6BE, 0xA6BE, 0xA6BE, 0xA6BE, 0xA6BE, 0xA6BE, 0xA6BE, 0xA6BE, 0xA6BE, 0xA6BE, 0xA6BE, 0xA6BE,
  0xA6BE, 0xA6BE, 0xA6BE, 0xA6BE, 0xA6BE, 0xA6BE, 0xA6BE, 0xA6BE, 0xA69E, 0xA69E, 0xA69E, 0x9E7D,
  0xB75F, 0x8558, 0x1945, 0x0000, 0x0000, 0x428C, 0x9E7C, 0xB75F, 0xAEFF, 0xA6DF, 0xA6BF, 0xA6BE,
  0xA6BE, 0xA6BE, 0xA6BE, 0xA6BE, 0xA6BE, 0xA6BE, 0xA6BE, 0xA6BE, 0xA6BE, 0xA6BE, 0xA6BE, 0xA6BE,
  0xA6BE, 0xA6BE, 0xA6BE, 0xA6BE, 0xA6BE, 0xA6BE, 0xA6BE, 0xA6BE, 0xA6BE, 0xA6BE, 0xA6BE, 0xA6BE,
  0xA6BF, 0xAEDF, 0xAF1F, 0xB75F, 0x961B, 0x3A4A, 0x0000, 0x0000, 0x0000, 0x0041, 0x42AC, 0x7D37,
  0x95DB, 0x9E3D, 0xA69E, 0xA6BE, 0xA6BE, 0xA6BE, 0xA6BE, 0xA6BE, 0xA6BE, 0xA6BE, 0xA6BE, 0xA6BE,
  0xA6BE, 0xA6BE, 0xA6BE, 0xA6BE, 0xA6BE, 0xA6BE, 0xA6BE, 0xA6BE, 0xA6BE, 0xA6BE, 0xA6BE, 0xA6BE,
  0xA6BE, 0xA6BE, 0xA6BE, 0xA69E, 0x9E7D, 0x963C, 0x8DBA, 0x74B6, 0x3209, 0x0021, 0x0000, 0x0000,
  0x0000, 0x0000, 0x0000, 0x1945, 0x6433, 0x8558, 0x9E5D, 0xA6BF, 0xA69E, 0xA6BE, 0xA6BE, 0xA6BE,
  0xA6BE, 0xA6BE, 0xA6BE, 0xA6BE, 0xA6BE, 0xA6BE, 0xA6BE, 0xA6BE, 0xA6BE, 0xA6BE, 0xA6BE, 0xA6BE,
  0xA6BE, 0xA6BE, 0xA6BE, 0xA6BE, 0xA6BE, 0xA6BE, 0xA6BE, 0xA69E, 0x95FB, 0x7CF7, 0x536F, 0x10A3,
  0x0000, 0x0000, 0x0000, 0x0000,
};

static const uint8_t ICON_SUNNY_CLOUD_A[1600] = {
  0, 0, 0, 0, 0, 0, 0, 0, 0, 0, 0, 1, 0, 0, 0, 0, 0, 0, 0, 0,
  2, 0, 52, 119, 81, 6, 0, 2, 0, 0, 0, 0, 0, 0, 0, 1, 0, 0, 0, 0,
  0, 0, 0, 0, 0, 0, 0, 0, 0, 0, 0, 2, 3, 1, 0, 0, 0, 0, 0, 0,
  2, 0, 64, 149, 104, 8, 0, 3, 0, 0, 0, 0, 0, 0, 2, 2, 1, 0, 0, 0,
  0, 0, 0, 0, 0, 0, 0, 0, 0, 0, 0, 0, 0, 2, 2, 0, 0, 0, 0, 0,
  2, 0, 77, 181, 127, 10, 0, 3, 0, 0, 0, 0, 1, 3, 0, 0, 0, 0, 0, 0,
  0, 0, 0, 0, 0, 0, 0, 0, 0, 0, 12, 93, 62, 0, 0, 0, 0, 0, 0, 1,
  3, 2, 50, 114, 80, 8, 2, 3, 0, 0, 0, 1, 1, 0, 16, 104, 47, 0, 1, 0,
  0, 0, 0, 0, 0, 0, 0, 1, 0, 0, 26, 208, 195, 40, 1, 0, 1, 0, 0, 0,
  0, 0, 0, 0, 0, 0, 0, 0, 0, 0, 0, 2, 0, 16, 117, 244, 102, 0, 2, 1,
  0, 0, 0, 0, 0, 0, 0, 0, 1, 0, 2, 57, 201, 204, 36, 0, 0, 3, 3, 0,
  0, 0, 0, 0, 0, 0, 0, 0, 2, 2, 1, 0, 9, 126, 239, 112, 14, 0, 2, 0,
  0, 0, 0, 0, 0, 0, 0, 0, 0, 0, 0, 0, 72, 182, 158, 13, 5, 0, 0, 34,
  98, 138, 171, 192, 185, 150, 119, 62, 3, 0, 7, 2, 95, 203, 120, 13, 0, 2, 1, 0,
  0, 0, 0, 0, 0, 0, 0, 0, 0, 0, 1, 0, 0, 51, 96, 13, 0, 16, 98, 173,
  219, 247, 255, 255, 255, 255, 231, 193, 134, 49, 0, 0, 65, 93, 5, 0, 2, 1, 0, 0,
  0, 0, 0, 0, 0, 0, 0, 0, 0, 0, 0, 1, 2, 0, 0, 0, 37, 129, 231, 255,
  255, 255, 250, 247, 248, 253, 255, 255, 255, 175, 70, 7, 0, 0, 0, 3, 0, 0, 0, 0,
  0, 0, 0, 0, 0, 0, 0, 0, 0, 0, 0, 0, 1, 3, 2, 12, 177, 255, 253, 251,
  253, 254, 255, 255, 255, 254, 254, 251, 253, 255, 237, 71, 4, 8, 1, 0, 0, 0, 0, 0,
  0, 0, 0, 0, 0, 0, 0, 0, 0, 0, 0, 0, 4, 0, 6, 128, 238, 255, 253, 255,
  255, 255, 255, 255, 255, 255, 255, 255, 254, 255, 255, 178, 50, 1, 2, 0, 0, 0, 0, 0,
  0, 0, 0, 0, 0, 0, 0, 0, 0, 0, 0, 1, 1, 2, 62, 227, 255, 250, 254, 255,
  255, 255, 255, 255, 255, 255, 255, 255, 254, 254, 253, 246, 135, 9, 1, 0, 1, 0, 0, 0,
  0, 0, 0, 0, 0, 0, 0, 0, 0, 0, 0, 4, 1, 24, 141, 255, 255, 251, 255, 255,
  255, 255, 255, 255, 255, 255, 255, 255, 255, 255, 251, 255, 199, 60, 0, 0, 4, 4, 3, 2,
  0, 0, 0, 0, 0, 0, 0, 0, 0, 1, 2, 6, 0, 40, 202, 251, 255, 254, 255, 255,
  255, 255, 255, 255, 255, 255, 255, 255, 255, 255, 253, 253, 231, 117, 0, 0, 0, 0, 0, 0,
  0, 0, 0, 0, 0, 0, 0, 0, 0, 0, 0, 4, 1, 60, 236, 255, 255, 254, 255, 255,
  255, 255, 255, 255, 255, 255, 255, 255, 255, 255, 254, 254, 253, 148, 0, 0, 8, 10, 8, 6,
  0, 0, 0, 0, 0, 0, 0, 0, 3, 0, 0, 24, 52, 136, 254, 255, 253, 255, 255, 255,
  255, 255, 255, 255, 255, 255, 255, 255, 255, 255, 255, 249, 255, 181, 0, 0, 85, 136, 110, 83,
  0, 0, 0, 0, 0, 0, 1, 2, 0, 18, 124, 195, 210, 232, 255, 255, 254, 255, 255, 255,
  255, 255, 255, 255, 255, 255, 255, 255, 255, 255, 255, 247, 254, 190, 0, 0, 117, 184, 150, 118,
  0, 0, 0, 0, 0, 0, 3, 0, 52, 161, 238, 255, 255, 255, 254, 255, 255, 255, 255, 255,
  255, 255, 255, 255, 255, 255, 255, 255, 255, 255, 255, 251, 255, 167, 0, 0, 50, 76, 62, 50,
  0, 0, 0, 0, 0, 2, 0, 44, 177, 255, 255, 247, 249, 252, 255, 255, 255, 255, 255, 255,
  255, 255, 255, 255, 255, 255, 255, 255, 255, 255, 254, 254, 248, 134, 0, 0, 0, 0, 0, 0,
  0, 0, 0, 0, 0, 2, 6, 142, 255, 248, 254, 255, 255, 255, 255, 255, 255, 255, 255, 255,
  255, 255, 255, 255, 255, 255, 255, 255, 255, 255, 253, 255, 219, 96, 0, 0, 4, 3, 2, 2,
  0, 0, 0, 2, 0, 0, 92, 215, 255, 253, 255, 255, 255, 255, 255, 255, 255, 255, 255, 255,
  255, 255, 255, 255, 255, 255, 255, 255, 255, 255, 251, 255, 175, 33, 0, 0, 1, 0, 0, 0,
  0, 0, 0, 2, 0, 0, 144, 251, 252, 254, 255, 255, 255, 255, 255, 255, 255, 255, 255, 255,
  255, 255, 255, 255, 255, 255, 255, 255, 254, 254, 251, 223, 94, 1, 3, 0, 0, 0, 0, 0,
  0, 0, 0, 1, 0, 2, 179, 255, 250, 255, 255, 255, 255, 255, 255, 255, 255, 255, 255, 255,
  255, 255, 255, 255, 255, 255, 255, 255, 254, 255, 255, 135, 26, 6, 5, 1, 0, 0, 0, 0,
  0, 0, 0, 1, 1, 5, 197, 254, 247, 255, 255, 255, 255, 255, 255, 255, 255, 255, 255, 255,
  255, 255, 255, 255, 255, 255, 255, 253, 255, 248, 164, 18, 0, 0, 0, 0, 1, 0, 0, 0,
  0, 0, 0, 2, 0, 0, 179, 255, 248, 255, 255, 255, 255, 255, 255, 255, 255, 255, 255, 255,
  255, 255, 255, 255, 255, 255, 255, 250, 255, 233, 45, 15, 18, 11, 6, 0, 0, 0, 0, 0,
  0, 0, 2, 4, 0, 0, 153, 255, 253, 254, 255, 255, 255, 255, 255, 255, 255, 255, 255, 255,
  255, 255, 255, 255, 255, 255, 255, 254, 255, 251, 209, 210, 195, 159, 107, 16, 0, 1, 1, 0,
  0, 5, 0, 0, 67, 110, 203, 255, 254, 255, 255, 255, 255, 255, 255, 255, 255, 255, 255, 255,
  255, 255, 255, 255, 255, 255, 255, 255, 255, 255, 255, 255, 255, 247, 229, 187, 77, 4, 3, 1,
  4, 0, 52, 137, 196, 227, 250, 255, 254, 255, 255, 255, 255, 255, 255, 255, 255, 255, 255, 255,
  255, 255, 255, 255, 255, 255, 255, 255, 255, 255, 253, 252, 254, 255, 255, 255, 204, 80, 0, 2,
  0, 48, 178, 255, 255, 255, 255, 255, 255, 255, 255, 255, 255, 255, 255, 255, 255, 255, 255, 255,
  255, 255, 255, 255, 255, 255, 255, 255, 255, 255, 254, 254, 254, 253, 251, 247, 255, 196, 40, 0,
  8, 166, 255, 249, 252, 253, 255, 255, 255, 255, 255, 255, 255, 255, 255, 255, 255, 255, 255, 255,
  255, 255, 255, 255, 255, 255, 255, 255, 255, 255, 255, 255, 255, 255, 255, 254, 251, 255, 145, 0,
  118, 216, 255, 251, 255, 255, 255, 255, 255, 255, 255, 255, 255, 255, 255, 255, 255, 255, 255, 255,
  255, 255, 255, 255, 255, 255, 255, 255, 255, 255, 255, 255, 255, 255, 255, 255, 248, 255, 183, 15,
  185, 234, 254, 252, 255, 255, 255, 255, 255, 255, 255, 255, 255, 255, 255, 255, 255, 255, 255, 255,
  255, 255, 255, 255, 255, 255, 255, 255, 255, 255, 255, 255, 255, 255, 255, 255, 249, 254, 199, 59,
  227, 246, 255, 254, 255, 255, 255, 255, 255, 255, 255, 255, 255, 255, 255, 255, 255, 255, 255, 255,
  255, 255, 255, 255, 255, 255, 255, 255, 255, 255, 255, 255, 255, 255, 255, 255, 251, 255, 203, 87,
  238, 250, 255, 255, 255, 255, 255, 255, 255, 255, 255, 255, 255, 255, 255, 255, 255, 255, 255, 255,
  255, 255, 255, 255, 255, 255, 255, 255, 255, 255, 255, 255, 255, 255, 255, 255, 249, 254, 199, 63,
  203, 240, 255, 254, 255, 255, 255, 255, 255, 255, 255, 255, 255, 255, 255, 255, 255, 255, 255, 255,
  255, 255, 255, 255, 255, 255, 255, 255, 255, 255, 255, 255, 255, 255, 255, 255, 248, 255, 185, 17,
  157, 225, 253, 252, 255, 255, 255, 255, 255, 255, 255, 255, 255, 255, 255, 255, 255, 255, 255, 255,
  255, 255, 255, 255, 255, 255, 255, 255, 255, 255, 255, 255, 255, 255, 255, 254, 250, 255, 151, 0,
  47, 196, 255, 244, 252, 254, 255, 255, 255, 255, 255, 255, 255, 255, 255, 255, 255, 255, 255, 255,
  255, 255, 255, 255, 255, 255, 255, 255, 255, 255, 255, 255, 254, 253, 251, 246, 255, 200, 48, 0,
  0, 101, 234, 255, 255, 255, 255, 255, 255, 255, 255, 255, 255, 255, 255, 255, 255, 255, 255, 255,
  255, 255, 255, 255, 255, 255, 255, 255, 255, 255, 255, 255, 255, 255, 255, 255, 218, 91, 0, 2,
  2, 10, 104, 194, 225, 240, 251, 255, 255, 255, 255, 255, 255, 255, 255, 255, 255, 255, 255, 255,
  255, 255, 255, 255, 255, 255, 255, 255, 255, 255, 255, 254, 247, 234, 219, 183, 83, 9, 2, 1,
  0, 2, 0, 48, 159, 204, 241, 255, 254, 255, 255, 255, 255, 255, 255, 255, 255, 255, 255, 255,
  255, 255, 255, 255, 255, 255, 255, 255, 255, 255, 255, 253, 226, 188, 132, 27, 0, 1, 1, 0,
};

static const uint16_t ICON_CLOUDY[1600] = {
  0x0000, 0x0000, 0x0000, 0x0000, 0x0000, 0x0000, 0x0000, 0x0000, 0x0000, 0x0000, 0x0000, 0x0000,
  0x0000, 0x0000, 0x0000, 0x0000, 0x0000, 0x0000, 0x0000, 0x0000, 0x0000, 0x0000, 0x0000, 0x0000,
  0x0000, 0x0000, 0x0000, 0x0000, 0x0000, 0x0000, 0x0000, 0x0000, 0x0000, 0x0000, 0x0000, 0x0000,
  0x0000, 0x0000, 0x0000, 0x0000, 0x0000, 0x0000, 0x0000, 0x0000, 0x0000, 0x0000, 0x0000, 0x0000,
  0x0000, 0x0000, 0x0000, 0x0000, 0x0000, 0x0000, 0x0000, 0x0000, 0x0000, 0x0000, 0x0000, 0x0000,
  0x0000, 0x0000, 0x0000, 0x0000, 0x0000, 0x0000, 0x0000, 0x0000, 0x0000, 0x0000, 0x0000, 0x0000,
  0x0000, 0x0000, 0x0000, 0x0000, 0x0000, 0x0000, 0x0000, 0x0000, 0x0000, 0x0000, 0x0000, 0x0000,
  0x0000, 0x0000, 0x0000, 0x0000, 0x0000, 0x0000, 0x0000, 0x0000, 0x0000, 0x0000, 0x0000, 0x0000,
  0x0000, 0x0000, 0x0000, 0x0000, 0x0000, 0x0000, 0x0000, 0x0000, 0x0000, 0x0000, 0x0000, 0x0020,
  0x0000, 0x0000, 0x0000, 0x0020, 0x0000, 0x0000, 0x0000, 0x0000, 0x0000, 0x0000, 0x0000, 0x0000,
  0x0000, 0x0000, 0x0000, 0x0000, 0x0000, 0x0000, 0x0000, 0x0000, 0x0000, 0x0000, 0x0000, 0x0000,
  0x0000, 0x0000, 0x0000, 0x0000, 0x0000, 0x0000, 0x0000, 0x0000, 0x0000, 0x0000, 0x0000, 0x0000,
  0x0000, 0x0000, 0x0000, 0x0000, 0x0000, 0x0000, 0x0000, 0x0000, 0x0000, 0x0000, 0x0000, 0x0000,
  0x0000, 0x0000, 0x0000, 0x0000, 0x0000, 0x0000, 0x0000, 0x0000, 0x0000, 0x0000, 0x0000, 0x0000,
  0x0000, 0x0000, 0x0000, 0x0000, 0x0000, 0x0000, 0x0000, 0x0000, 0x0000, 0x0000, 0x0000, 0x0000,
  0x0000, 0x0000, 0x0000, 0x0000, 0x0000, 0x0000, 0x0021, 0x0042, 0x10C4, 0x1968, 0x08C4, 0x0042,
  0x0020, 0x0000, 0x0000, 0x0000, 0x0000, 0x0000, 0x0000, 0x0000, 0x0000, 0x0000, 0x0000, 0x0000,
  0x0000, 0x0000, 0x0000, 0x0000, 0x0000, 0x0000, 0x0000, 0x0000, 0x0000, 0x0000, 0x0000, 0x0000,
  0x0000, 0x0000, 0x0000, 0x0000, 0x0000, 0x0000, 0x0000, 0x0000, 0x0000, 0x0862, 0x32D0, 0x549B,
  0x5CFD, 0x651D, 0x5CFD, 0x547A, 0x2A4D, 0x0041, 0x0000, 0x0000, 0x0000, 0x0000, 0x0000, 0x0000,
  0x0000, 0x0000, 0x0000, 0x0000, 0x0000, 0x0000, 0x0000, 0x0000, 0x0000, 0x0000, 0x0000, 0x0000,
  0x0000, 0x0000, 0x0000, 0x0020, 0x0000, 0x0000, 0x0000, 0x0000, 0x0000, 0x0041, 0x0062, 0x0000,
  0x1106, 0x43B5, 0x651D, 0x6D9F, 0x6DBF, 0x6DBF, 0x6DBF, 0x657F, 0x651C, 0x3B33, 0x0862, 0x0000,
  0x0000, 0x0000, 0x0000, 0x0000, 0x0000, 0x0000, 0x0000, 0x0000, 0x0000, 0x0000, 0x0000, 0x0000,
  0x0000, 0x0000, 0x0000, 0x0000, 0x0020, 0x0000, 0x0000, 0x0000, 0x0000, 0x0000, 0x0000, 0x1968,
  0x328E, 0x3B53, 0x3B53, 0x3B32, 0x4BF6, 0x6D9F, 0x6D9F, 0x653E, 0x653E, 0x653E, 0x653E, 0x653E,
  0x6DBF, 0x655F, 0x32F1, 0x0021, 0x0000, 0x0020, 0x0000, 0x0000, 0x0000, 0x0000, 0x0000, 0x0000,
  0x0000, 0x0000, 0x0000, 0x0000, 0x0000, 0x0000, 0x0000, 0x0000, 0x0000, 0x0000, 0x0061, 0x08A3,
  0x0882, 0x0042, 0x1148, 0x4C19, 0x6D9F, 0x75FF, 0x6DDF, 0x6DDF, 0x6DBF, 0x655F, 0x653F, 0x655F,
  0x655F, 0x655F, 0x655F, 0x655F, 0x651E, 0x6D9F, 0x5D1D, 0x10C4, 0x0000, 0x0000, 0x0000, 0x0000,
  0x0000, 0x0000, 0x0000, 0x0000, 0x0000, 0x0000, 0x0000, 0x0000, 0x0000, 0x0000, 0x0000, 0x0041,
  0x0862, 0x1966, 0x432E, 0x5432, 0x4B6E, 0x3AEF, 0x4C38, 0x655F, 0x655F, 0x653E, 0x653F, 0x655F,
  0x655F, 0x655F, 0x655F, 0x655F, 0x655F, 0x655F, 0x655F, 0x655F, 0x653F, 0x6D9F, 0x651E, 0x2A6E,
  0x0862, 0x0000, 0x0000, 0x0000, 0x0000, 0x0000, 0x0000, 0x0000, 0x0000, 0x0000, 0x0000, 0x0000,
  0x0000, 0x0000, 0x0841, 0x4BF2, 0x765C, 0x869D, 0x9EFE, 0xA71F, 0xA6FE, 0xA71E, 0xA6FF, 0x8E5C,
  0x7DBC, 0x4CBE, 0x4CDF, 0x655F, 0x655F, 0x655F, 0x655F, 0x655F, 0x655F, 0x655F, 0x655F, 0x655F,
  0x655F, 0x655F, 0x655F, 0x5CFD, 0x4395, 0x19A9, 0x0041, 0x0000, 0x0000, 0x0000, 0x0000, 0x0000,
  0x0000, 0x0000, 0x0020, 0x0000, 0x0041, 0x32AC, 0x5517, 0x86DE, 0xA79F, 0xAFBF, 0xB79F, 0xB77F,
  0xB79F, 0xB79F, 0xB77F, 0xAF1E, 0x9EFE, 0x861C, 0x54DD, 0x449F, 0x5D3F, 0x6D7F, 0x6D7F, 0x657F,
  0x657F, 0x6D7F, 0x6D7F, 0x655F, 0x655F, 0x655F, 0x655F, 0x6D7F, 0x653E, 0x5CFB, 0x328F, 0x0000,
  0x0000, 0x0000, 0x0000, 0x0000, 0x0000, 0x0000, 0x0020, 0x0020, 0x220A, 0x65FB, 0x979F, 0xA77F,
  0xAF1F, 0xAF3F, 0xAF3F, 0xAF3F, 0xAF3F, 0xA73F, 0xAF3F, 0xAF5F, 0xAF7F, 0xAF3E, 0x8E5D, 0x5D3E,
  0x44BF, 0x4CDF, 0x5D1E, 0x64FC, 0x5CFD, 0x5D1F, 0x5D1F, 0x655F, 0x6D7F, 0x6D7F, 0x655F, 0x655F,
  0x655F, 0x763F, 0x4C18, 0x08C4, 0x0000, 0x0000, 0x0000, 0x0000, 0x0000, 0x0000, 0x0000, 0x21A7,
  0x5D57, 0x873F, 0xA73F, 0xAF3F, 0xAF5F, 0xAF5F, 0xAF5F, 0xAF5F, 0xAF5F, 0xAF5F, 0xAF5F, 0xAF3F,
  0xAF3F, 0xAF5F, 0xB77F, 0x9EBE, 0x659F, 0x657F, 0x75BE, 0x7DBC, 0x7DBC, 0x75BF, 0x6D9F, 0x655E,
  0x5D1F, 0x5D3F, 0x6D7F, 0x655F, 0x653E, 0x6DBF, 0x5459, 0x21EB, 0x0000, 0x0000, 0x0000, 0x0000,
  0x0000, 0x0000, 0x0882, 0x4C74, 0x879F, 0x9F1F, 0xAF5F, 0xAF5F, 0xAF5F, 0xAF5F, 0xAF5F, 0xAF5F,
  0xAF5F, 0xAF5F, 0xAF5F, 0xAF5F, 0xAF5F, 0xAF5F, 0xAF3F, 0xAF5F, 0xAF7F, 0xAF5F, 0xAF7F, 0xAF7F,
  0xAF7F, 0xAF5F, 0x9EDE, 0x7DDD, 0x54FE, 0x4CDF, 0x653F, 0x655F, 0x655F, 0x6DDF, 0x5439, 0x1989,
  0x0000, 0x0000, 0x0000, 0x0000, 0x0000, 0x0000, 0x3B2E, 0x6E5D, 0x873F, 0xAF5F, 0xAF5F, 0xAF5F,
  0xAF5F, 0xAF5F, 0xAF5F, 0xAF5F, 0xAF5F, 0xAF5F, 0xAF5F, 0xAF5F, 0xAF5F, 0xAF5F, 0xAF5F, 0xAF5F,
  0xAF5F, 0xAF5F, 0xAF5F, 0xAF5F, 0xAF5F, 0xAF5F, 0xAF3F, 0xAF5F, 0x9EBE, 0x655E, 0x3C9F, 0x5D3F,
  0x655F, 0x6DFF, 0x4374, 0x0020, 0x0000, 0x0000, 0x0020, 0x0000, 0x0000, 0x0000, 0x4C94, 0x877F,
  0x8EFF, 0xAF5F, 0xAF5F, 0xAF5F, 0xAF5F, 0xAF5F, 0xAF5F, 0xAF5F, 0xAF5F, 0xAF5F, 0xAF5F, 0xAF5F,
  0xAF5F, 0xAF5F, 0xAF5F, 0xAF3F, 0xA73F, 0xAF3F, 0xAF3F, 0xAF3F, 0xAF3F, 0xAF3F, 0xAF5F, 0xAF5F,
  0xB77F, 0x969E, 0x5D1E, 0x4CFF, 0x4C7B, 0x3B31, 0x1106, 0x0000, 0x0000, 0x0000, 0x0000, 0x0041,
  0x19A7, 0x2A09, 0x65B9, 0x979F, 0x9F1F, 0xAF5F, 0xAF5F, 0xAF5F, 0xAF5F, 0xAF5F, 0xAF5F, 0xAF5F,
  0xAF5F, 0xAF5F, 0xAF5F, 0xAF5F, 0xAF3F, 0xAF3F, 0xAF3F, 0xAF5F, 0xAF7F, 0xAF7F, 0xAF5F, 0xAF3F,
  0xAF3F, 0xAF5F, 0xAF5F, 0xA73F, 0xAF5F, 0xAF7F, 0x8E5D, 0x2AF2, 0x116A, 0x0883, 0x0000, 0x0000,
  0x0000, 0x0021, 0x1146, 0x3B4E, 0x6D58, 0x7DFA, 0x8EDE, 0x9F5F, 0xAF5F, 0xAF5F, 0xAF5F, 0xAF5F,
  0xAF5F, 0xAF5F, 0xAF5F, 0xAF5F, 0xAF5F, 0xAF5F, 0xAF5F, 0xAF5F, 0xAF5F, 0xAF7F, 0xAF5F, 0xA71F,
  0x9EDE, 0xA6FE, 0xAF3F, 0xB77F, 0xAF7F, 0xAF5F, 0xAF5F, 0xAF5F, 0xA71F, 0xB7BF, 0xA71E, 0x3A28,
  0x0000, 0x0000, 0x0020, 0x0000, 0x0000, 0x2209, 0x65DA, 0x8F7F, 0x9F3F, 0xAF5F, 0xAF5F, 0xAF5F,
  0xAF5F, 0xAF5F, 0xAF5F, 0xAF5F, 0xAF5F, 0xAF5F, 0xAF5F, 0xAF5F, 0xAF5F, 0xAF5F, 0xAF5F, 0xAF5F,
  0xA73F, 0xA73F, 0x9F1F, 0x8E7D, 0x75DB, 0x865C, 0xA71F, 0xA73F, 0xA71F, 0xAF5F, 0xAF5F, 0xAF5F,
  0xAF3F, 0xAF7F, 0xA71F, 0x6C94, 0x10E4, 0x0000, 0x0020, 0x0000, 0x10E4, 0x4CD6, 0x8FBF, 0xA73F,
  0xAF5F, 0xAF5F, 0xAF5F, 0xAF5F, 0xAF5F, 0xAF5F, 0xAF5F, 0xAF5F, 0xAF5F, 0xAF5F, 0xAF5F, 0xAF5F,
  0xAF5F, 0xAF3F, 0xAF5F, 0xAF5F, 0x861C, 0x6D9D, 0x6DFF, 0x6E9F, 0x6EBF, 0x6EBF, 0x6EBE, 0x5DBA,
  0x75B9, 0xA71E, 0xAF5F, 0xAF5F, 0xA73F, 0xAF5F, 0xAF3F, 0x8DD9, 0x1945, 0x0000, 0x0020, 0x0000,
  0x5CB5, 0x6E7D, 0x977F, 0xAF3F, 0xAF3F, 0xAF3F, 0xAF5F, 0xAF5F, 0xAF5F, 0xAF5F, 0xAF5F, 0xAF5F,
  0xAF5F, 0xAF5F, 0xAF5F, 0xAF5F, 0xA73F, 0xB79F, 0xA71F, 0x75DD, 0x657E, 0x661F, 0x669F, 0x6EBF,
  0x6EFF, 0x6EDF, 0x66BF, 0x667E, 0x663C, 0x761B, 0x967C, 0xAF5F, 0xB79F, 0xB77F, 0xB79F, 0x9EBD,
  0x2186, 0x0020, 0x0041, 0x0000, 0x76DF, 0x7EDF, 0x9F3F, 0xAF5F, 0xAF5F, 0xAF5F, 0xAF5F, 0xAF5F,
  0xAF5F, 0xAF5F, 0xAF5F, 0xAF5F, 0xAF5F, 0xAF5F, 0xAF5F, 0xAF5F, 0xAF5F, 0xA71E, 0x7DFD, 0x5D3E,
  0x661F, 0x6EDF, 0x6EFF, 0x6EDF, 0x6EDF, 0x6EDF, 0x6EDF, 0x771F, 0x6EDF, 0x5E5D, 0x763C, 0x865C,
  0x865C, 0x869D, 0x869D, 0x7DB9, 0x1946, 0x0000, 0x0000, 0x0000, 0x6EBE, 0x86FF, 0xA75F, 0xAF5F,
  0xAF5F, 0xAF5F, 0xAF5F, 0xAF5F, 0xAF5F, 0xAF5F, 0xAF5F, 0xAF5F, 0xAF5F, 0xAF5F, 0xAF3F, 0xAF3F,
  0xB79F, 0x8E7E, 0x5D3D, 0x6DDF, 0x6EBF, 0x6EDF, 0x6EDF, 0x6EDF, 0x6EDF, 0x6EDF, 0x6EDF, 0x6EBF,
  0x6EDF, 0x6EFF, 0x66BF, 0x5DFB, 0x5DBA, 0x5E1C, 0x5DFC, 0x5579, 0x3B90, 0x1146, 0x0000, 0x0000,
  0x6EDF, 0x86FF, 0xA73F, 0xAF5F, 0xAF5F, 0xAF5F, 0xAF5F, 0xAF5F, 0xAF5F, 0xAF5F, 0xAF5F, 0xAF5F,
  0xAF5F, 0xAF5F, 0xAF5F, 0xAF5F, 0xAF7F, 0x863F, 0x5D7F, 0x6E5F, 0x6EDF, 0x6EDF, 0x6EDF, 0x6EDF,
  0x6EDF, 0x6EDF, 0x6EDF, 0x6EDF, 0x6EDF, 0x6EDF, 0x6EDF, 0x6EDF, 0x6EFF, 0x6EDF, 0x6EDF, 0x6EDF,
  0x773F, 0x5578, 0x19A7, 0x0000, 0x767D, 0x7EDF, 0x9F3F, 0xAF5F, 0xAF5F, 0xAF5F, 0xAF5F, 0xAF5F,
  0xAF5F, 0xAF5F, 0xAF5F, 0xAF5F, 0xAF3F, 0xAF5F, 0xAF7F, 0xB77F, 0x8E7D, 0x6D5D, 0x659F, 0x6EBF,
  0x6EDF, 0x6EDF, 0x6EDF, 0x6EDF, 0x6EDF, 0x6EDF, 0x6EDF, 0x6EDF, 0x6EDF, 0x6EDF, 0x6EDF, 0x6EDF,
  0x6EDF, 0x6EDF, 0x6EDF, 0x6EDF, 0x6EDF, 0x777F, 0x4CB5, 0x08A3, 0x5473, 0x663C, 0x975F, 0xAF1F,
  0xA73F, 0xAF3F, 0xAF3F, 0xAF5F, 0xAF5F, 0xAF5F, 0xAF5F, 0xA73F, 0xB77F, 0xA73F, 0x7E1D, 0x75FE,
  0x6E1E, 0x6E5E, 0x6E9F, 0x6EDF, 0x6EDF, 0x6EDF, 0x6EDF, 0x6EDF, 0x6EDF, 0x6EDF, 0x6EDF, 0x6EDF,
  0x6EDF, 0x6EDF, 0x6EDF, 0x6EDF, 0x6EDF, 0x6EDF, 0x6EDF, 0x6EDF, 0x6EBE, 0x775F, 0x5DFB, 0x334F,
  0x1945, 0x54D6, 0x8FDF, 0x9F5F, 0xAF3F, 0xAF3F, 0xAF3F, 0xA73F, 0xA73F, 0xA73F, 0xA73F, 0xAF3F,
  0xA71F, 0x863E, 0x655D, 0x5DDE, 0x6E9F, 0x6EFF, 0x6EFF, 0x6EDF, 0x6EDF, 0x6EDF, 0x6EDF, 0x6EDF,
  0x6EDF, 0x6EDF, 0x6EDF, 0x6EDF, 0x6EDF, 0x6EDF, 0x6EDF, 0x6EDF, 0x6EDF, 0x6EDF, 0x6EDF, 0x6EDF,
  0x6EDF, 0x6EFF, 0x665D, 0x5599, 0x0000, 0x2A4A, 0x5D58, 0x7E9D, 0xA75F, 0xAF9F, 0xAF9F, 0xB7BF,
  0xB7BF, 0xB7BF, 0xB79F, 0xBFDF, 0x8E9F, 0x655E, 0x6DDF, 0x6EDF, 0x6EFF, 0x6EBF, 0x6EDF, 0x6EDF,
  0x6EDF, 0x6EDF, 0x6EDF, 0x6EDF, 0x6EDF, 0x6EDF, 0x6EDF, 0x6EDF, 0x6EDF, 0x6EDF, 0x6EDF, 0x6EDF,
  0x6EDF, 0x6EDF, 0x6EDF, 0x6EDF, 0x6EDF, 0x6EDF, 0x6E9E, 0x663C, 0x0020, 0x0000, 0x10C3, 0x43B0,
  0x6599, 0x7DFA, 0x8E3B, 0x965C, 0x965B, 0x965B, 0x965B, 0x9E9B, 0x7DDD, 0x657F, 0x6E5F, 0x6EDF,
  0x6EDF, 0x6EDF, 0x6EDF, 0x6EDF, 0x6EDF, 0x6EDF, 0x6EDF, 0x6EDF, 0x6EDF, 0x6EDF, 0x6EDF, 0x6EDF,
  0x6EDF, 0x6EDF, 0x6EDF, 0x6EDF, 0x6EDF, 0x6EDF, 0x6EDF, 0x6EDF, 0x6EDF, 0x6EFF, 0x6E9E, 0x5E1C,
  0x0000, 0x0000, 0x0000, 0x0021, 0x0061, 0x0862, 0x0862, 0x0862, 0x0862, 0x0862, 0x0862, 0x10E3,
  0x4394, 0x6DFF, 0x6E7F, 0x6EDF, 0x6EDF, 0x6EDF, 0x6EDF, 0x6EDF, 0x6EDF, 0x6EDF, 0x6EDF, 0x6EDF,
  0x6EDF, 0x6EDF, 0x6EDF, 0x6EDF, 0x6EDF, 0x6EDF, 0x6EDF, 0x6EDF, 0x6EDF, 0x6EDF, 0x6EDF, 0x6EDF,
  0x6EBF, 0x6EFF, 0x665D, 0x5537, 0x0000, 0x0000, 0x0000, 0x0000, 0x0000, 0x0000, 0x0000, 0x0000,
  0x0000, 0x0000, 0x0000, 0x0000, 0x32B0, 0x763F, 0x6E5E, 0x6EDF, 0x6EDF, 0x6EDF, 0x6EDF, 0x6EDF,
  0x6EDF, 0x6EDF, 0x6EDF, 0x6EDF, 0x6EDF, 0x6EDF, 0x6EDF, 0x6EDF, 0x6EDF, 0x6EDF, 0x6EDF, 0x6EDF,
  0x6EDF, 0x6EDF, 0x6EDF, 0x6EDF, 0x669E, 0x775F, 0x5DDA, 0x2AED, 0x0000, 0x0000, 0x0000, 0x0000,
  0x0020, 0x0020, 0x0020, 0x0020, 0x0020, 0x0020, 0x0041, 0x0000, 0x32AF, 0x6E1F, 0x65FF, 0x6EBE,
  0x6EDE, 0x6EBF, 0x6EBF, 0x6EBE, 0x6EBE, 0x6EBE, 0x6EBE, 0x6EBE, 0x6EBE, 0x6EBE, 0x6EBE, 0x6EBE,
  0x6EBE, 0x6EBE, 0x6EBE, 0x6EBE, 0x6EBF, 0x6EBE, 0x6EBE, 0x6EBF, 0x6EFF, 0x777F, 0x4474, 0x08A3,
  0x0000, 0x0000, 0x0000, 0x0000, 0x0000, 0x0000, 0x0000, 0x0000, 0x0000, 0x0000, 0x0000, 0x0000,
  0x1988, 0x4C37, 0x6DDF, 0x76DF, 0x771F, 0x6F1F, 0x773F, 0x773F, 0x773F, 0x773F, 0x773F, 0x773F,
  0x773F, 0x773F, 0x773F, 0x773F, 0x773F, 0x773F, 0x773F, 0x773F, 0x773F, 0x773F, 0x773F, 0x771F,
  0x667E, 0x4CF7, 0x19E8, 0x0000, 0x0000, 0x0000, 0x0000, 0x0000, 0x0000, 0x0000, 0x0000, 0x0000,
  0x0000, 0x0000, 0x0000, 0x0000, 0x0000, 0x1105, 0x5498, 0x655D, 0x663E, 0x669E, 0x667E, 0x667E,
  0x667E, 0x667E, 0x667E, 0x667E, 0x667E, 0x667E, 0x667E, 0x667E, 0x667E, 0x667E, 0x667E, 0x667E,
  0x667D, 0x667E, 0x667D, 0x5DDB, 0x3BB0, 0x08C3, 0x0000, 0x0000, 0x0000, 0x0000, 0x0000, 0x0000,
  0x0000, 0x0000, 0x0000, 0x0000, 0x0000, 0x0000, 0x0000, 0x0000, 0x0000, 0x0000, 0x0041, 0x08C4,
  0x2A4C, 0x2ACE, 0x224A, 0x2229, 0x222A, 0x222A, 0x222A, 0x222A, 0x222A, 0x222A, 0x222A, 0x222A,
  0x222A, 0x222A, 0x222A, 0x2229, 0x222A, 0x1A09, 0x1125, 0x0862, 0x0021, 0x0000, 0x0000, 0x0000,
  0x0000, 0x0000, 0x0000, 0x0000, 0x0000, 0x0000, 0x0000, 0x0000, 0x0000, 0x0000, 0x0000, 0x0000,
  0x0000, 0x0000, 0x0000, 0x0000, 0x0021, 0x0041, 0x0020, 0x0000, 0x0000, 0x0000, 0x0000, 0x0000,
  0x0000, 0x0000, 0x0000, 0x0000, 0x0000, 0x0000, 0x0000, 0x0000, 0x0000, 0x0000, 0x0000, 0x0000,
  0x0000, 0x0000, 0x0000, 0x0000, 0x0000, 0x0000, 0x0000, 0x0000, 0x0000, 0x0000, 0x0000, 0x0000,
  0x0000, 0x0000, 0x0000, 0x0000, 0x0000, 0x0000, 0x0020, 0x0000, 0x0000, 0x0000, 0x0000, 0x0000,
  0x0000, 0x0000, 0x0000, 0x0000, 0x0000, 0x0000, 0x0000, 0x0000, 0x0000, 0x0000, 0x0000, 0x0000,
  0x0000, 0x0000, 0x0000, 0x0020, 0x0000, 0x0000, 0x0000, 0x0000, 0x0000, 0x0000, 0x0000, 0x0000,
  0x0000, 0x0000, 0x0000, 0x0000, 0x0000, 0x0000, 0x0000, 0x0000, 0x0000, 0x0000, 0x0000, 0x0000,
  0x0000, 0x0000, 0x0000, 0x0000, 0x0000, 0x0000, 0x0000, 0x0000, 0x0000, 0x0000, 0x0000, 0x0000,
  0x0000, 0x0000, 0x0000, 0x0000, 0x0000, 0x0000, 0x0000, 0x0000, 0x0000, 0x0000, 0x0000, 0x0000,
  0x0000, 0x0000, 0x0000, 0x0000, 0x0000, 0x0000, 0x0000, 0x0000, 0x0000, 0x0000, 0x0000, 0x0000,
  0x0000, 0x0000, 0x0000, 0x0000, 0x0000, 0x0000, 0x0000, 0x0000, 0x0000, 0x0000, 0x0000, 0x0000,
  0x0000, 0x0000, 0x0000, 0x0000, 0x0000, 0x0000, 0x0000, 0x0000, 0x0000, 0x0000, 0x0000, 0x0000,
  0x0000, 0x0000, 0x0000, 0x0000,
};

static const uint8_t ICON_CLOUDY_A[1600] = {
  0, 0, 0, 0, 0, 0, 0, 0, 0, 0, 0, 0, 0, 0, 0, 0, 0, 0, 0, 0,
  0, 0, 0, 0, 0, 0, 0, 0, 0, 0, 0, 0, 0, 0, 0, 0, 0, 0, 0, 0,
  0, 0, 0, 0, 0, 0, 0, 0, 0, 0, 0, 0, 0, 0, 0, 0, 0, 0, 0, 0,
  0, 0, 0, 0, 0, 0, 0, 0, 1, 1, 1, 0, 0, 0, 0, 0, 0, 0, 0, 0,
  0, 0, 0, 0, 0, 0, 0, 0, 0, 0, 0, 0, 0, 0, 0, 0, 0, 0, 0, 0,
  0, 0, 0, 0, 0, 1, 4, 6, 3, 0, 4, 6, 3, 1, 0, 0, 0, 0, 0, 0,
  0, 0, 0, 0, 0, 0, 0, 0, 0, 0, 0, 0, 0, 0, 0, 0, 0, 0, 0, 0,
  0, 1, 0, 0, 1, 0, 0, 0, 0, 0, 0, 0, 0, 0, 1, 0, 0, 0, 0, 0,
  0, 0, 0, 0, 0, 0, 0, 0, 0, 0, 0, 0, 0, 0, 0, 0, 0, 0, 0, 0,
  0, 0, 0, 0, 0, 0, 8, 16, 40, 67, 38, 17, 6, 0, 0, 0, 0, 0, 0, 0,
  0, 0, 0, 0, 0, 0, 0, 0, 0, 0, 0, 0, 0, 0, 0, 0, 0, 0, 1, 3,
  4, 1, 2, 2, 0, 20, 133, 218, 236, 242, 239, 211, 111, 15, 0, 0, 1, 0, 0, 0,
  0, 0, 0, 0, 0, 0, 0, 0, 0, 0, 0, 0, 0, 1, 3, 4, 3, 3, 1, 0,
  0, 12, 18, 2, 53, 177, 238, 255, 255, 255, 255, 255, 231, 156, 20, 0, 1, 1, 0, 0,
  0, 0, 0, 0, 0, 0, 0, 0, 0, 0, 1, 4, 6, 1, 0, 0, 0, 0, 0, 66,
  118, 157, 160, 150, 186, 255, 255, 250, 250, 250, 249, 249, 255, 251, 139, 8, 3, 7, 0, 0,
  0, 0, 0, 0, 0, 0, 0, 0, 0, 2, 1, 0, 0, 0, 15, 27, 19, 17, 72, 202,
  255, 255, 255, 255, 255, 252, 252, 255, 255, 255, 255, 254, 247, 255, 242, 39, 0, 0, 1, 0,
  0, 0, 0, 0, 0, 0, 0, 0, 0, 0, 0, 11, 18, 52, 117, 151, 118, 123, 201, 255,
  249, 250, 252, 251, 252, 255, 255, 255, 255, 255, 255, 255, 251, 254, 244, 119, 23, 3, 1, 0,
  0, 0, 0, 0, 0, 0, 0, 2, 1, 0, 11, 147, 233, 238, 245, 250, 245, 247, 248, 232,
  230, 248, 255, 254, 255, 255, 255, 254, 254, 255, 255, 255, 255, 255, 255, 238, 170, 80, 14, 1,
  0, 0, 0, 0, 0, 0, 4, 0, 9, 98, 187, 243, 255, 255, 255, 255, 255, 255, 255, 245,
  246, 230, 239, 255, 255, 255, 255, 255, 255, 255, 255, 254, 255, 255, 255, 255, 246, 220, 122, 0,
  0, 0, 0, 0, 0, 1, 4, 5, 81, 219, 255, 255, 248, 250, 251, 252, 251, 251, 254, 255,
  255, 240, 236, 245, 253, 255, 248, 234, 237, 254, 255, 255, 255, 255, 255, 252, 253, 255, 196, 37,
  0, 0, 0, 0, 0, 2, 0, 63, 192, 255, 249, 250, 255, 255, 255, 255, 255, 255, 255, 254,
  254, 255, 250, 241, 252, 255, 245, 225, 230, 253, 251, 248, 252, 255, 255, 255, 247, 248, 205, 95,
  0, 0, 0, 0, 0, 1, 19, 166, 255, 250, 255, 255, 255, 255, 255, 255, 255, 255, 255, 255,
  255, 255, 255, 255, 255, 254, 255, 255, 255, 254, 242, 233, 244, 254, 255, 255, 251, 255, 202, 75,
  0, 0, 0, 3, 3, 3, 116, 235, 255, 254, 255, 255, 255, 255, 255, 255, 255, 255, 255, 255,
  255, 255, 255, 255, 255, 255, 255, 255, 255, 255, 254, 253, 245, 244, 255, 252, 251, 255, 166, 6,
  0, 2, 6, 2, 0, 0, 169, 255, 248, 255, 255, 255, 255, 255, 255, 255, 255, 255, 255, 255,
  255, 255, 255, 254, 254, 254, 255, 255, 255, 255, 255, 255, 253, 245, 242, 255, 223, 140, 53, 0,
  2, 0, 0, 10, 64, 76, 208, 255, 249, 255, 255, 255, 255, 255, 255, 255, 255, 255, 255, 255,
  254, 255, 255, 255, 255, 255, 255, 254, 254, 255, 255, 254, 253, 252, 236, 151, 82, 24, 0, 2,
  0, 8, 50, 119, 194, 212, 245, 255, 254, 255, 255, 255, 255, 255, 255, 255, 255, 255, 255, 255,
  255, 255, 254, 250, 245, 246, 254, 255, 255, 255, 255, 255, 250, 255, 243, 66, 0, 0, 5, 0,
  0, 74, 212, 255, 255, 255, 255, 255, 255, 255, 255, 255, 255, 255, 255, 255, 255, 255, 255, 255,
  253, 254, 253, 239, 225, 228, 248, 251, 250, 255, 255, 255, 252, 255, 250, 160, 32, 1, 5, 0,
  34, 182, 255, 253, 255, 255, 255, 255, 255, 255, 255, 255, 255, 255, 255, 255, 255, 254, 255, 255,
  231, 240, 254, 253, 252, 252, 248, 213, 206, 247, 255, 255, 252, 254, 254, 204, 45, 0, 6, 0,
  174, 239, 255, 250, 254, 254, 255, 255, 255, 255, 255, 255, 255, 255, 255, 255, 254, 255, 252, 236,
  245, 250, 254, 255, 255, 255, 252, 241, 231, 223, 228, 254, 255, 255, 255, 233, 55, 5, 8, 0,
  252, 251, 254, 255, 255, 255, 255, 255, 255, 255, 255, 255, 255, 255, 255, 255, 254, 245, 237, 242,
  255, 255, 254, 255, 254, 254, 255, 255, 255, 236, 229, 225, 226, 235, 234, 206, 49, 0, 1, 1,
  249, 253, 255, 255, 255, 255, 255, 255, 255, 255, 255, 255, 255, 255, 255, 255, 255, 241, 236, 255,
  255, 255, 255, 255, 255, 255, 255, 254, 255, 255, 251, 221, 215, 228, 226, 205, 131, 50, 3, 0,
  255, 255, 255, 255, 255, 255, 255, 255, 255, 255, 255, 255, 255, 255, 255, 255, 253, 254, 255, 255,
  255, 255, 255, 255, 255, 255, 255, 255, 255, 254, 255, 255, 255, 255, 255, 255, 255, 199, 61, 0,
  240, 250, 255, 254, 255, 255, 255, 255, 255, 255, 255, 255, 255, 255, 255, 255, 234, 241, 255, 255,
  255, 255, 255, 255, 255, 255, 255, 255, 255, 255, 255, 255, 255, 255, 255, 255, 253, 254, 175, 26,
  160, 229, 249, 248, 254, 254, 255, 255, 255, 255, 255, 254, 255, 251, 236, 247, 247, 250, 255, 255,
  255, 255, 255, 255, 255, 255, 255, 255, 255, 255, 255, 255, 255, 255, 255, 255, 249, 255, 224, 124,
  46, 180, 255, 255, 253, 252, 251, 251, 251, 251, 251, 251, 248, 243, 241, 249, 255, 255, 255, 255,
  255, 255, 255, 255, 255, 255, 255, 255, 255, 255, 255, 255, 255, 255, 255, 255, 253, 253, 239, 207,
  0, 83, 199, 239, 255, 255, 255, 255, 255, 255, 255, 255, 251, 245, 255, 255, 254, 255, 255, 255,
  255, 255, 255, 255, 255, 255, 255, 255, 255, 255, 255, 255, 255, 255, 255, 255, 254, 255, 248, 233,
  4, 0, 30, 134, 204, 213, 221, 224, 221, 222, 222, 222, 241, 255, 254, 255, 255, 255, 255, 255,
  255, 255, 255, 255, 255, 255, 255, 255, 255, 255, 255, 255, 255, 255, 255, 255, 254, 255, 246, 228,
  0, 0, 0, 8, 15, 16, 17, 17, 18, 17, 18, 31, 166, 255, 251, 255, 255, 255, 255, 255,
  255, 255, 255, 255, 255, 255, 255, 255, 255, 255, 255, 255, 255, 255, 255, 255, 253, 255, 235, 193,
  0, 1, 0, 0, 0, 0, 0, 0, 0, 0, 0, 0, 133, 251, 249, 255, 255, 255, 255, 255,
  255, 255, 255, 255, 255, 255, 255, 255, 255, 255, 255, 255, 255, 255, 255, 255, 247, 251, 216, 111,
  0, 0, 1, 4, 5, 6, 6, 6, 6, 6, 10, 3, 122, 255, 252, 249, 250, 251, 251, 250,
  250, 250, 250, 250, 250, 250, 250, 250, 250, 250, 250, 250, 251, 250, 249, 251, 255, 255, 164, 27,
  0, 0, 0, 0, 0, 0, 0, 0, 0, 0, 2, 2, 66, 193, 255, 255, 255, 255, 255, 255,
  255, 255, 255, 255, 255, 255, 255, 255, 255, 255, 255, 255, 255, 255, 255, 255, 240, 188, 71, 0,
  0, 0, 0, 0, 0, 0, 0, 0, 0, 0, 0, 5, 0, 48, 201, 238, 245, 245, 243, 243,
  243, 243, 243, 243, 243, 243, 243, 243, 243, 243, 243, 243, 242, 242, 239, 219, 136, 31, 0, 3,
  0, 0, 0, 0, 0, 0, 0, 0, 0, 0, 0, 0, 0, 0, 15, 35, 98, 113, 88, 81,
  81, 81, 81, 81, 81, 81, 81, 81, 81, 81, 81, 80, 83, 74, 45, 17, 8, 0, 0, 0,
  0, 0, 0, 0, 0, 0, 0, 0, 0, 0, 0, 0, 1, 0, 0, 0, 9, 14, 5, 3,
  3, 3, 3, 3, 3, 3, 3, 3, 3, 3, 3, 3, 4, 1, 0, 0, 0, 0, 1, 0,
  0, 0, 0, 0, 0, 0, 0, 0, 0, 0, 0, 0, 0, 2, 5, 4, 0, 0, 0, 0,
  0, 0, 0, 0, 0, 0, 0, 0, 0, 0, 0, 0, 0, 0, 3, 6, 4, 1, 0, 0,
  0, 0, 0, 0, 0, 0, 0, 0, 0, 0, 0, 0, 0, 0, 0, 0, 2, 3, 2, 2,
  2, 2, 2, 2, 2, 2, 2, 2, 2, 2, 2, 2, 2, 2, 1, 0, 0, 0, 0, 0,
  0, 0, 0, 0, 0, 0, 0, 0, 0, 0, 0, 0, 0, 0, 0, 0, 0, 0, 0, 0,
  0, 0, 0, 0, 0, 0, 0, 0, 0, 0, 0, 0, 0, 0, 0, 0, 0, 0, 0, 0,
};

static const uint16_t ICON_RAINNY[1600] = {
  0x0000, 0x0000, 0x0000, 0x0000, 0x0000, 0x0000, 0x0000, 0x0000, 0x0000, 0x0000, 0x0000, 0x0000,
  0x0000, 0x0000, 0x0000, 0x0000, 0x0000, 0x0000, 0x0000, 0x0000, 0x0000, 0x0000, 0x0000, 0x0000,
  0x0000, 0x0000, 0x0000, 0x0000, 0x0000, 0x0000, 0x0000, 0x0000, 0x0000, 0x0000, 0x0000, 0x0000,
  0x0000, 0x0000, 0x0000, 0x0000, 0x0000, 0x0000, 0x0000, 0x0000, 0x0000, 0x0000, 0x0000, 0x0000,
  0x0000, 0x0000, 0x0000, 0x0000, 0x0000, 0x1925, 0x42AC, 0x5391, 0x6434, 0x6434, 0x5BF3, 0x4B50,
  0x3A8C, 0x1104, 0x0000, 0x0000, 0x0020, 0x0000, 0x0000, 0x0000, 0x0000, 0x0000, 0x0000, 0x0000,
  0x0000, 0x0000, 0x0000, 0x0000, 0x0000, 0x0000, 0x0000, 0x0000, 0x0000, 0x0000, 0x0000, 0x0000,
  0x0000, 0x0000, 0x0000, 0x0000, 0x0000, 0x0000, 0x0000, 0x29A7, 0x5390, 0x74F7, 0x8DFC, 0xA6BF,
  0xAF1F, 0xA73F, 0x9EFF, 0x967F, 0x85BC, 0x6496, 0x4B50, 0x2167, 0x0000, 0x0000, 0x0000, 0x0000,
  0x0000, 0x0000, 0x0000, 0x0000, 0x0000, 0x0000, 0x0000, 0x0000, 0x0000, 0x0000, 0x0000, 0x0000,
  0x0000, 0x0000, 0x0000, 0x0000, 0x0000, 0x0000, 0x0000, 0x0000, 0x0000, 0x0021, 0x3229, 0x7D18,
  0xAEFF, 0xAEFF, 0x9E9F, 0x9E7E, 0x965E, 0x965E, 0x963E, 0x965F, 0x967F, 0x96BF, 0x969F, 0x64B7,
  0x21C8, 0x0020, 0x0000, 0x0000, 0x0000, 0x0000, 0x0000, 0x0000, 0x0000, 0x0000, 0x0000, 0x0000,
  0x0000, 0x0000, 0x0000, 0x0000, 0x0000, 0x0000, 0x0000, 0x0000, 0x0000, 0x0000, 0x0000, 0x0000,
  0x0020, 0x3A6B, 0x9E3D, 0xAEDF, 0x9E7E, 0x9E7E, 0x9E7F, 0x9E7F, 0x9E7F, 0x967F, 0x965F, 0x965F,
  0x8E5E, 0x8E3E, 0x861E, 0x8E7F, 0x7DDD, 0x2A2A, 0x0020, 0x0000, 0x0000, 0x0000, 0x0000, 0x0000,
  0x0000, 0x0000, 0x0000, 0x0000, 0x0000, 0x0000, 0x0000, 0x0000, 0x0000, 0x0000, 0x0000, 0x0000,
  0x0000, 0x0000, 0x0000, 0x0000, 0x3229, 0x9E5D, 0xAEDF, 0xA6BF, 0xA69F, 0x9E9F, 0x9E9F, 0x9E7F,
  0x9E7F, 0x967F, 0x965F, 0x965F, 0x8E5F, 0x8E5F, 0x8E3F, 0x8E3F, 0x865F, 0x759C, 0x21A8, 0x0000,
  0x0000, 0x0000, 0x0000, 0x0000, 0x0000, 0x0000, 0x0000, 0x0000, 0x0000, 0x0000, 0x0000, 0x0000,
  0x0000, 0x0000, 0x0000, 0x0000, 0x0000, 0x0000, 0x0000, 0x2987, 0x8538, 0xAEFF, 0xA6BF, 0xA69E,
  0xA69F, 0x9E9F, 0x9E9F, 0x9E7F, 0x9E7F, 0x967F, 0x965F, 0x965F, 0x8E5F, 0x8E5F, 0x8E3F, 0x863E,
  0x863F, 0x865F, 0x6CF9, 0x5435, 0x5C55, 0x5435, 0x4B92, 0x32AE, 0x1125, 0x0000, 0x0000, 0x0000,
  0x0000, 0x0000, 0x0000, 0x0000, 0x0000, 0x0000, 0x0000, 0x0000, 0x0000, 0x0020, 0x0020, 0x5B90,
  0xB71F, 0xA69E, 0xA6BF, 0xA69F, 0xA69F, 0x9E9F, 0x9E9F, 0x9E7F, 0x9E7F, 0x967F, 0x965F, 0x965F,
  0x8E5F, 0x8E5F, 0x8E3F, 0x863F, 0x863E, 0x861E, 0x865F, 0x8E9F, 0x869F, 0x867F, 0x7E1F, 0x6D5B,
  0x5456, 0x3AEF, 0x1126, 0x0000, 0x0000, 0x0000, 0x0000, 0x0000, 0x0000, 0x0000, 0x0000, 0x0000,
  0x0000, 0x0000, 0x2166, 0x8517, 0xB71F, 0xA69E, 0xA6BF, 0xA69F, 0xA69F, 0x9E9F, 0x9E9F, 0x9E7F,
  0x9E7F, 0x967F, 0x965F, 0x965F, 0x8E5F, 0x8E5F, 0x8E3F, 0x863F, 0x863F, 0x861F, 0x7DFE, 0x7DFE,
  0x7DDE, 0x75DE, 0x75FE, 0x75FF, 0x7E5F, 0x761F, 0x4C15, 0x1967, 0x0000, 0x0000, 0x0000, 0x0000,
  0x0000, 0x0000, 0x0000, 0x0000, 0x0000, 0x10C3, 0x6C12, 0xA67D, 0xAEBF, 0xA6BF, 0xA6BF, 0xA69F,
  0xA69F, 0x9E9F, 0x9E9F, 0x9E7F, 0x9E7F, 0x967F, 0x965F, 0x965F, 0x8E5F, 0x8E5F, 0x8E3F, 0x863F,
  0x863F, 0x861F, 0x861F, 0x7E1F, 0x7E1E, 0x7DFE, 0x75FE, 0x75FE, 0x75DE, 0x75DE, 0x6DFF, 0x5CFA,
  0x1967, 0x0000, 0x0000, 0x0000, 0x0000, 0x0000, 0x0000, 0x0020, 0x426B, 0x95DA, 0xB6DF, 0xAEBF,
  0xAEBF, 0xAEBF, 0xA6BF, 0xA69F, 0xA69F, 0x9E9F, 0x9E9F, 0x9E7F, 0x9E7F, 0x967F, 0x965F, 0x965F,
  0x8E5F, 0x8E5F, 0x8E3F, 0x863F, 0x863F, 0x861F, 0x861F, 0x7E1F, 0x7E1E, 0x7DFE, 0x75FE, 0x75FE,
  0x75FE, 0x75DE, 0x75FF, 0x6DFF, 0x4BF5, 0x1126, 0x0000, 0x0000, 0x0000, 0x0000, 0x0841, 0x42AC,
  0xA63C, 0xBF3F, 0xB6FF, 0xAEBF, 0xAEBF, 0xAEBF, 0xA6BF, 0xA69F, 0xA69F, 0x9E9F, 0x9E9F, 0x9E7F,
  0x9E7F, 0x967F, 0x965F, 0x965F, 0x8E5F, 0x8E5F, 0x8E3F, 0x863F, 0x863F, 0x861F, 0x861F, 0x7E1F,
  0x7E1E, 0x7DFE, 0x75FE, 0x75FE, 0x75FE, 0x75DE, 0x6DDE, 0x6DDE, 0x6DFE, 0x32EF, 0x0000, 0x0000,
  0x0000, 0x0000, 0x3A29, 0x9E1A, 0xBF5F, 0xB6DF, 0xAEBE, 0xAEBF, 0xAEBF, 0xAEBF, 0xA6BF, 0xA69F,
  0xA69F, 0x9E9F, 0x9E9F, 0x9E7F, 0x9E7F, 0x967F, 0x965F, 0x965F, 0x8E5F, 0x8E5F, 0x8E3F, 0x863F,
  0x863F, 0x861F, 0x861F, 0x7E1F, 0x7E1E, 0x7DFE, 0x75FE, 0x75FE, 0x75FE, 0x75DE, 0x6DDE, 0x6DBE,
  0x763F, 0x4C57, 0x10E5, 0x0000, 0x0000, 0x0862, 0x7C94, 0xC79F, 0xAE9E, 0xB6DF, 0xAEDF, 0xAEBF,
  0xAEBF, 0xAEBF, 0xA6BF, 0xA69F, 0xA69F, 0x9E9F, 0x9E9F, 0x9E7F, 0x9E7F, 0x967F, 0x965F, 0x965F,
  0x8E5F, 0x8E5F, 0x8E3F, 0x863F, 0x863F, 0x861F, 0x861F, 0x7E1F, 0x7E1E, 0x7DFE, 0x75FE, 0x75FE,
  0x75FE, 0x75DE, 0x6DDE, 0x6DDE, 0x6DDF, 0x5D3C, 0x2A6D, 0x0000, 0x0000, 0x426A, 0x9DFB, 0xBF1F,
  0xB6DF, 0xB6DF, 0xAEDF, 0xAEBF, 0xAEBF, 0xAEBF, 0xA6BF, 0xA69F, 0xA69F, 0x9E9F, 0x9E9F, 0x9E7F,
  0x9E7F, 0x967F, 0x965F, 0x965F, 0x8E5F, 0x8E5F, 0x8E3F, 0x863F, 0x863F, 0x861F, 0x861F, 0x7E1F,
  0x7E1E, 0x7DFE, 0x75FE, 0x75FE, 0x75FE, 0x75DE, 0x6DDE, 0x6DDE, 0x6DBE, 0x6DFF, 0x3B31, 0x0000,
  0x0000, 0x63B0, 0xBF1F, 0xB6DF, 0xB6DF, 0xB6DF, 0xAEDF, 0xAEBF, 0xAEBF, 0xAEBF, 0xA6BF, 0xA69F,
  0xA69F, 0x9E9F, 0x9E9F, 0x9E7F, 0x9E7F, 0x967F, 0x965F, 0x965F, 0x8E5F, 0x8E5F, 0x8E3F, 0x863F,
  0x863F, 0x861F, 0x861F, 0x7E1F, 0x7E1E, 0x7DFE, 0x75FE, 0x75FE, 0x75FE, 0x75DE, 0x6DDE, 0x6DDE,
  0x659E, 0x765F, 0x43B3, 0x0000, 0x0000, 0x7C74, 0xCFBF, 0xB6BE, 0xB6DF, 0xB6DF, 0xAEDF, 0xAEBF,
  0xAEBF, 0xAEBF, 0xA6BF, 0xA69F, 0xA69F, 0x9E9F, 0x9E9F, 0x9E7F, 0x9E7F, 0x967F, 0x965F, 0x965F,
  0x8E5F, 0x8E5F, 0x8E3F, 0x863F, 0x863F, 0x861F, 0x861F, 0x7E1F, 0x7E1E, 0x7DFE, 0x75FE, 0x75FE,
  0x75FE, 0x75DE, 0x6DDE, 0x6DDE, 0x659E, 0x765F, 0x43B4, 0x0000, 0x0000, 0x7C94, 0xD7DF, 0xB6BE,
  0xB6DF, 0xB6DF, 0xAEDF, 0xAEBF, 0xAEBF, 0xAEBF, 0xA6BF, 0xA69F, 0xA69F, 0x9E9F, 0x9E9F, 0x9E7F,
  0x9E7F, 0x967F, 0x965F, 0x965F, 0x8E5F, 0x8E5F, 0x8E3F, 0x863F, 0x863F, 0x861F, 0x861F, 0x7E1F,
  0x7E1E, 0x7DFE, 0x75FE, 0x75FE, 0x75FE, 0x75DE, 0x6DDE, 0x6DDE, 0x65BE, 0x6E3F, 0x3B72, 0x0000,
  0x0000, 0x7453, 0xCF9F, 0xB6BE, 0xB6DF, 0xB6DF, 0xAEDF, 0xAEBF, 0xAEBF, 0xAEBF, 0xA6BF, 0xA69F,
  0xA69F, 0x9E9F, 0x9E9F, 0x9E7F, 0x9E7F, 0x967F, 0x965F, 0x965F, 0x8E5F, 0x8E5F, 0x8E3F, 0x863F,
  0x863F, 0x861F, 0x861F, 0x7E1F, 0x7E1E, 0x7DFE, 0x75FE, 0x75FE, 0x75FE, 0x75DE, 0x6DDE, 0x6DDE,
  0x6DBE, 0x65BE, 0x32EF, 0x0000, 0x0000, 0x6390, 0xBEFF, 0xB6FF, 0xB6DF, 0xB6DF, 0xAEDF, 0xAEBF,
  0xAEBF, 0xAEBF, 0xA6BF, 0xA69F, 0xA69F, 0x9E9F, 0x9E9F, 0x9E7F, 0x9E7F, 0x967F, 0x965F, 0x965F,
  0x8E5F, 0x8E5F, 0x8E3F, 0x863F, 0x863F, 0x861F, 0x861F, 0x7E1F, 0x7E1E, 0x7DFE, 0x75FE, 0x75FE,
  0x75FE, 0x75DE, 0x6DDE, 0x6DBE, 0x6DFF, 0x54D9, 0x19A9, 0x0000, 0x0000, 0x3A4A, 0x9DFA, 0xBF1F,
  0xB6DF, 0xB6DF, 0xAEDF, 0xAEBF, 0xAEBF, 0xAEBF, 0xA6BF, 0xA69F, 0xA69F, 0x9E9F, 0x9E9F, 0x9E7F,
  0x9E7F, 0x967F, 0x965F, 0x965F, 0x8E5F, 0x8E5F, 0x8E3F, 0x863F, 0x863F, 0x861F, 0x861F, 0x7E1F,
  0x7E1E, 0x7DFE, 0x75FE, 0x75FE, 0x75FE, 0x75DE, 0x6DDE, 0x6DBE, 0x763F, 0x43B3, 0x0041, 0x0000,
  0x0000, 0x0862, 0x7474, 0xCF9F, 0xAE9E, 0xB6DF, 0xAEDF, 0xAEBF, 0xAEBF, 0xAEBF, 0xA6BF, 0xA69F,
  0xA69F, 0x9E9F, 0x9E9F, 0x9E7F, 0x9E7F, 0x967F, 0x965F, 0x965F, 0x8E5F, 0x8E5F, 0x8E3F, 0x863F,
  0x863F, 0x861F, 0x861F, 0x7E1F, 0x7E1E, 0x7DFE, 0x75FE, 0x75FE, 0x75FE, 0x6DDE, 0x6DDE, 0x6DDF,
  0x5D1B, 0x220A, 0x0000, 0x0000, 0x0000, 0x0000, 0x3209, 0x9DDA, 0xC75F, 0xB6DF, 0xAE9E, 0xAEBF,
  0xAEBF, 0xAEBF, 0xA6BF, 0xA69F, 0xA69F, 0x9E9F, 0x9E9F, 0x9E7F, 0x9E7F, 0x967F, 0x965F, 0x965F,
  0x8E5F, 0x8E5F, 0x8E3F, 0x863F, 0x863F, 0x861F, 0x861F, 0x7E1F, 0x7E1E, 0x7DFE, 0x75FE, 0x75FE,
  0x75DE, 0x75DE, 0x761F, 0x6DBE, 0x2A8E, 0x0862, 0x0000, 0x0000, 0x0000, 0x0000, 0x0020, 0x3A6B,
  0x9E1B, 0xBF1F, 0xB71F, 0xAEDF, 0xAEBF, 0xA6BF, 0xA69E, 0xA69E, 0x9E7E, 0x9E7E, 0x9E7E, 0x9E7E,
  0x965E, 0x965E, 0x965E, 0x8E5E, 0x8E3E, 0x8E3E, 0x8E3E, 0x863E, 0x861E, 0x861E, 0x861E, 0x7E1E,
  0x7DFE, 0x7DFE, 0x75FF, 0x761F, 0x7E3F, 0x761F, 0x653B, 0x3B51, 0x0882, 0x0000, 0x0000, 0x0000,
  0x0000, 0x0000, 0x0000, 0x0020, 0x3A2A, 0x95BA, 0xAEBE, 0xAEBE, 0xAEBF, 0xAEDF, 0xAEDF, 0xA6DF,
  0xA6BF, 0xA6BF, 0xA6BF, 0x9E9F, 0x9E9F, 0x9E9F, 0x969F, 0x967F, 0x967F, 0x8E7F, 0x8E5F, 0x8E5F,
  0x8E5F, 0x863F, 0x863F, 0x863F, 0x7E3F, 0x7E1F, 0x7DFF, 0x75DE, 0x75DE, 0x5CFA, 0x328D, 0x0000,
  0x0000, 0x0000, 0x0000, 0x0000, 0x0000, 0x0000, 0x0000, 0x0000, 0x0000, 0x10C3, 0x4AED, 0x8517,
  0x9E3C, 0xAEDF, 0xAEFF, 0xAEFF, 0xAEFF, 0xA6FF, 0xA6DF, 0xA6DF, 0xA6DF, 0x9EDF, 0x9EBF, 0x9EBF,
  0x96BF, 0x969F, 0x969F, 0x8E9F, 0x8E9F, 0x8E7F, 0x867F, 0x867F, 0x865F, 0x7DFE, 0x6D5B, 0x5436,
  0x326D, 0x10C4, 0x0020, 0x0000, 0x0000, 0x0000, 0x0000, 0x0000, 0x0000, 0x0000, 0x0000, 0x0000,
  0x0000, 0x0000, 0x0841, 0x1925, 0x2187, 0x29C8, 0x29C8, 0x29C8, 0x29A8, 0x29A8, 0x29A8, 0x29C8,
  0x29C9, 0x29C8, 0x21A8, 0x21A8, 0x21A8, 0x21A8, 0x21A8, 0x21C9, 0x21A8, 0x21A8, 0x2188, 0x2188,
  0x2188, 0x1967, 0x1947, 0x1105, 0x0041, 0x0000, 0x0000, 0x0000, 0x0000, 0x0000, 0x0000, 0x0000,
  0x0000, 0x0000, 0x0000, 0x0000, 0x0000, 0x0000, 0x0000, 0x0000, 0x0000, 0x0000, 0x0000, 0x0000,
  0x0000, 0x0000, 0x0000, 0x0000, 0x0000, 0x0000, 0x0000, 0x0000, 0x0000, 0x0000, 0x0000, 0x0000,
  0x0000, 0x0000, 0x0000, 0x0000, 0x0000, 0x0000, 0x0000, 0x0000, 0x0000, 0x0000, 0x0000, 0x0000,
  0x0000, 0x0000, 0x0000, 0x0000, 0x0000, 0x0000, 0x0000, 0x0000, 0x0000, 0x0000, 0x0000, 0x0083,
  0x0947, 0x08E6, 0x0041, 0x0021, 0x0041, 0x0020, 0x0020, 0x0906, 0x0927, 0x0883, 0x0021, 0x0021,
  0x0021, 0x0020, 0x0883, 0x0947, 0x08E6, 0x0041, 0x0021, 0x0041, 0x0020, 0x0020, 0x08E5, 0x0927,
  0x0063, 0x0000, 0x0000, 0x0000, 0x0000, 0x0000, 0x0000, 0x0000, 0x0000, 0x0000, 0x0000, 0x0000,
  0x0000, 0x0000, 0x0000, 0x120C, 0x2C9C, 0x1B55, 0x0041, 0x0000, 0x0021, 0x0000, 0x0062, 0x23B6,
  0x247C, 0x09AB, 0x0000, 0x0000, 0x0000, 0x0000, 0x120C, 0x2C9C, 0x1B55, 0x0041, 0x0000, 0x0021,
  0x0000, 0x0062, 0x23B6, 0x247C, 0x09AB, 0x0000, 0x0000, 0x0000, 0x0000, 0x0000, 0x0000, 0x0000,
  0x0000, 0x0000, 0x0000, 0x0000, 0x0000, 0x0000, 0x08C4, 0x2354, 0x351F, 0x1B77, 0x0041, 0x0000,
  0x0000, 0x0021, 0x11EB, 0x2C9C, 0x2CBE, 0x09CB, 0x0000, 0x0000, 0x0000, 0x08C4, 0x2354, 0x351F,
  0x1B77, 0x0041, 0x0000, 0x0000, 0x0021, 0x11EB, 0x2C9C, 0x2CBE, 0x09CB, 0x0000, 0x0000, 0x0000,
  0x0000, 0x0000, 0x0000, 0x0000, 0x0000, 0x0000, 0x0000, 0x0000, 0x0000, 0x0000, 0x1A6E, 0x34DD,
  0x2C5B, 0x0A0D, 0x0021, 0x0020, 0x0000, 0x08C5, 0x2C18, 0x34DE, 0x1B55, 0x00E5, 0x0020, 0x0000,
  0x0000, 0x1A6E, 0x34DD, 0x2C5B, 0x0A0D, 0x0021, 0x0020, 0x0000, 0x08C5, 0x2C18, 0x34DE, 0x1B55,
  0x00C5, 0x0000, 0x0000, 0x0000, 0x0000, 0x0000, 0x0000, 0x0000, 0x0000, 0x0000, 0x0000, 0x0000,
  0x0000, 0x0000, 0x2B74, 0x3D9F, 0x2375, 0x0063, 0x0000, 0x0000, 0x0000, 0x0927, 0x3D1E, 0x34DE,
  0x09AA, 0x0000, 0x0000, 0x0000, 0x0000, 0x2B74, 0x3D9F, 0x2375, 0x0063, 0x0000, 0x0000, 0x0000,
  0x0927, 0x3D1E, 0x34DE, 0x09AA, 0x0000, 0x0000, 0x0000, 0x0000, 0x0000, 0x0000, 0x0000, 0x0000,
  0x0000, 0x0000, 0x0000, 0x0000, 0x0000, 0x0000, 0x19EB, 0x2333, 0x11AA, 0x0000, 0x08C5, 0x0927,
  0x0062, 0x08A4, 0x22F1, 0x1AD1, 0x0083, 0x0062, 0x0927, 0x00C5, 0x0000, 0x19EB, 0x2354, 0x11AA,
  0x0000, 0x08C5, 0x0927, 0x0062, 0x08A4, 0x22F1, 0x1AB1, 0x0083, 0x0000, 0x0000, 0x0000, 0x0000,
  0x0000, 0x0000, 0x0000, 0x0000, 0x0000, 0x0000, 0x0000, 0x0000, 0x0000, 0x0000, 0x0000, 0x0000,
  0x0000, 0x0062, 0x23B6, 0x247C, 0x09AB, 0x0000, 0x0000, 0x0000, 0x0000, 0x120C, 0x2C9C, 0x1B55,
  0x0041, 0x0000, 0x0000, 0x0000, 0x0062, 0x23B6, 0x247C, 0x09AB, 0x0000, 0x0000, 0x0000, 0x0000,
  0x0000, 0x0000, 0x0000, 0x0000, 0x0000, 0x0000, 0x0000, 0x0000, 0x0000, 0x0000, 0x0000, 0x0000,
  0x0000, 0x0000, 0x0000, 0x0000, 0x0020, 0x11EB, 0x2C9C, 0x2CBE, 0x09CB, 0x0000, 0x0000, 0x0000,
  0x08C4, 0x2354, 0x351F, 0x1B77, 0x0041, 0x0000, 0x0000, 0x0020, 0x11EB, 0x2C9C, 0x2CBE, 0x09CB,
  0x0000, 0x0000, 0x0000, 0x0000, 0x0000, 0x0000, 0x0000, 0x0000, 0x0000, 0x0000, 0x0000, 0x0000,
  0x0000, 0x0000, 0x0000, 0x0000, 0x0000, 0x0000, 0x0020, 0x0000, 0x08E5, 0x2C18, 0x34DE, 0x1B55,
  0x00C5, 0x0000, 0x0000, 0x0000, 0x1A6E, 0x34DD, 0x2C5B, 0x0A0D, 0x0000, 0x0000, 0x0000, 0x08E5,
  0x2C18, 0x34DE, 0x1B55, 0x00C5, 0x0000, 0x0000, 0x0000, 0x0000, 0x0000, 0x0000, 0x0000, 0x0000,
  0x0000, 0x0000, 0x0000, 0x0000, 0x0000, 0x0000, 0x0000, 0x0000, 0x0000, 0x0000, 0x0020, 0x0000,
  0x0947, 0x3D3F, 0x34FF, 0x09AB, 0x0000, 0x0000, 0x0000, 0x0000, 0x2B74, 0x45BF, 0x2376, 0x0063,
  0x0000, 0x0020, 0x0000, 0x0947, 0x3D3F, 0x34FF, 0x09AB, 0x0000, 0x0000, 0x0000, 0x0000, 0x0000,
  0x0000, 0x0000, 0x0000, 0x0000, 0x0000, 0x0000, 0x0000, 0x0000, 0x0000, 0x0000, 0x0000, 0x0000,
  0x0000, 0x0000, 0x0000, 0x0000, 0x08A4, 0x22B0, 0x1A8F, 0x0083, 0x0000, 0x0020, 0x0000, 0x0000,
  0x11CA, 0x22F2, 0x11AA, 0x0000, 0x0000, 0x0020, 0x0000, 0x08A4, 0x22B0, 0x1A8F, 0x0083, 0x0000,
  0x0000, 0x0000, 0x0000, 0x0000, 0x0000, 0x0000, 0x0000, 0x0000, 0x0000, 0x0000, 0x0000, 0x0000,
  0x0000, 0x0000, 0x0000, 0x0000, 0x0000, 0x0000, 0x0000, 0x0000, 0x0000, 0x0000, 0x0000, 0x0000,
  0x0000, 0x0000, 0x0000, 0x0000, 0x0000, 0x0000, 0x0000, 0x0000, 0x0000, 0x0000, 0x0000, 0x0000,
  0x0000, 0x0000, 0x0000, 0x0000, 0x0000, 0x0000, 0x0000, 0x0000, 0x0000, 0x0000, 0x0000, 0x0000,
  0x0000, 0x0000, 0x0000, 0x0000,
};

static const uint8_t ICON_RAINNY_A[1600] = {
  0, 0, 0, 0, 0, 0, 0, 0, 0, 0, 0, 3, 3, 0, 0, 0, 0, 0, 0, 0,
  0, 0, 3, 3, 0, 0, 0, 0, 0, 0, 0, 0, 0, 0, 0, 0, 0, 0, 0, 0,
  0, 0, 0, 0, 0, 0, 0, 0, 0, 2, 4, 0, 0, 48, 104, 143, 164, 168, 157, 135,
  102, 41, 0, 0, 5, 2, 0, 0, 0, 0, 0, 0, 0, 0, 0, 0, 0, 0, 0, 0,
  0, 0, 0, 0, 0, 0, 0, 1, 2, 0, 0, 65, 138, 190, 233, 255, 255, 255, 255, 255,
  232, 185, 134, 61, 0, 0, 2, 1, 0, 0, 0, 0, 0, 0, 0, 0, 0, 0, 0, 0,
  0, 0, 0, 0, 0, 0, 1, 2, 0, 8, 81, 195, 255, 255, 255, 253, 249, 248, 250, 254,
  255, 255, 255, 189, 74, 7, 0, 3, 3, 2, 2, 2, 1, 0, 0, 0, 0, 0, 0, 0,
  0, 0, 0, 0, 0, 0, 2, 0, 8, 94, 239, 255, 249, 252, 254, 254, 255, 255, 255, 254,
  253, 251, 249, 255, 239, 90, 5, 0, 0, 0, 0, 0, 0, 0, 0, 0, 0, 0, 0, 0,
  0, 0, 0, 0, 0, 1, 3, 0, 81, 239, 255, 255, 255, 255, 255, 255, 255, 255, 255, 255,
  255, 255, 254, 255, 255, 234, 73, 0, 0, 0, 0, 0, 0, 2, 2, 0, 0, 0, 0, 0,
  0, 0, 0, 0, 0, 3, 1, 60, 200, 255, 255, 253, 255, 255, 255, 255, 255, 255, 255, 255,
  255, 255, 255, 254, 255, 255, 208, 175, 182, 178, 155, 115, 49, 0, 0, 4, 2, 0, 0, 0,
  0, 0, 0, 1, 3, 5, 5, 133, 255, 250, 254, 255, 255, 255, 255, 255, 255, 255, 255, 255,
  255, 255, 255, 255, 254, 252, 255, 255, 255, 255, 255, 229, 184, 129, 52, 0, 0, 3, 0, 0,
  0, 0, 1, 1, 0, 0, 53, 192, 253, 252, 255, 255, 255, 255, 255, 255, 255, 255, 255, 255,
  255, 255, 255, 255, 255, 255, 251, 249, 248, 249, 253, 255, 255, 255, 178, 61, 4, 0, 2, 0,
  0, 0, 0, 0, 4, 32, 153, 242, 255, 254, 255, 255, 255, 255, 255, 255, 255, 255, 255, 255,
  255, 255, 255, 255, 255, 255, 255, 255, 255, 255, 254, 254, 250, 252, 255, 216, 61, 2, 5, 0,
  0, 3, 0, 7, 90, 217, 249, 253, 255, 255, 255, 255, 255, 255, 255, 255, 255, 255, 255, 255,
  255, 255, 255, 255, 255, 255, 255, 255, 255, 255, 255, 255, 255, 254, 255, 255, 179, 54, 1, 3,
  1, 4, 11, 99, 224, 255, 255, 255, 255, 255, 255, 255, 255, 255, 255, 255, 255, 255, 255, 255,
  255, 255, 255, 255, 255, 255, 255, 255, 255, 255, 255, 255, 255, 254, 254, 255, 248, 130, 0, 2,
  3, 0, 80, 214, 255, 252, 251, 255, 255, 255, 255, 255, 255, 255, 255, 255, 255, 255, 255, 255,
  255, 255, 255, 255, 255, 255, 255, 255, 255, 255, 255, 255, 255, 255, 255, 251, 255, 193, 43, 0,
  2, 17, 168, 255, 247, 254, 255, 255, 255, 255, 255, 255, 255, 255, 255, 255, 255, 255, 255, 255,
  255, 255, 255, 255, 255, 255, 255, 255, 255, 255, 255, 255, 255, 255, 255, 253, 253, 233, 107, 0,
  0, 88, 220, 253, 253, 255, 255, 255, 255, 255, 255, 255, 255, 255, 255, 255, 255, 255, 255, 255,
  255, 255, 255, 255, 255, 255, 255, 255, 255, 255, 255, 255, 255, 255, 255, 254, 253, 255, 143, 0,
  0, 136, 254, 253, 254, 255, 255, 255, 255, 255, 255, 255, 255, 255, 255, 255, 255, 255, 255, 255,
  255, 255, 255, 255, 255, 255, 255, 255, 255, 255, 255, 255, 255, 255, 255, 255, 249, 255, 164, 0,
  0, 164, 255, 249, 255, 255, 255, 255, 255, 255, 255, 255, 255, 255, 255, 255, 255, 255, 255, 255,
  255, 255, 255, 255, 255, 255, 255, 255, 255, 255, 255, 255, 255, 255, 255, 255, 248, 254, 166, 0,
  0, 170, 253, 247, 255, 255, 255, 255, 255, 255, 255, 255, 255, 255, 255, 255, 255, 255, 255, 255,
  255, 255, 255, 255, 255, 255, 255, 255, 255, 255, 255, 255, 255, 255, 255, 255, 251, 255, 155, 0,
  0, 160, 255, 251, 255, 255, 255, 255, 255, 255, 255, 255, 255, 255, 255, 255, 255, 255, 255, 255,
  255, 255, 255, 255, 255, 255, 255, 255, 255, 255, 255, 255, 255, 255, 255, 254, 253, 249, 128, 0,
  0, 133, 254, 254, 254, 255, 255, 255, 255, 255, 255, 255, 255, 255, 255, 255, 255, 255, 255, 255,
  255, 255, 255, 255, 255, 255, 255, 255, 255, 255, 255, 255, 255, 255, 255, 253, 255, 215, 77, 0,
  0, 84, 217, 253, 253, 255, 255, 255, 255, 255, 255, 255, 255, 255, 255, 255, 255, 255, 255, 255,
  255, 255, 255, 255, 255, 255, 255, 255, 255, 255, 255, 255, 255, 255, 255, 251, 255, 163, 12, 1,
  2, 16, 164, 255, 247, 254, 255, 255, 255, 255, 255, 255, 255, 255, 255, 255, 255, 255, 255, 255,
  255, 255, 255, 255, 255, 255, 255, 255, 255, 255, 255, 255, 255, 253, 251, 254, 221, 88, 0, 3,
  3, 0, 74, 209, 255, 253, 250, 253, 254, 255, 255, 255, 255, 255, 255, 255, 255, 255, 255, 255,
  255, 255, 255, 255, 255, 255, 255, 255, 255, 255, 254, 253, 250, 252, 255, 250, 117, 21, 4, 2,
  1, 3, 7, 90, 221, 255, 255, 255, 255, 253, 252, 252, 252, 252, 252, 252, 252, 252, 252, 252,
  252, 252, 252, 252, 252, 252, 252, 252, 252, 253, 255, 255, 255, 255, 230, 147, 22, 0, 4, 0,
  0, 2, 1, 5, 82, 214, 246, 251, 255, 255, 255, 255, 255, 255, 255, 255, 255, 255, 255, 255,
  255, 255, 255, 255, 255, 255, 255, 255, 255, 255, 255, 250, 245, 216, 113, 3, 0, 4, 0, 0,
  0, 0, 1, 0, 3, 30, 111, 190, 233, 255, 255, 255, 255, 255, 255, 255, 255, 255, 255, 255,
  255, 255, 255, 255, 255, 255, 255, 255, 255, 255, 229, 182, 106, 38, 6, 0, 0, 0, 0, 0,
  0, 0, 1, 1, 0, 0, 13, 44, 62, 70, 68, 67, 68, 67, 68, 73, 75, 70, 67, 67,
  67, 67, 70, 75, 73, 68, 67, 68, 67, 63, 60, 45, 14, 0, 0, 1, 1, 0, 0, 0,
  0, 0, 0, 0, 2, 3, 0, 0, 0, 0, 0, 0, 0, 0, 0, 0, 0, 0, 0, 0,
  0, 0, 0, 0, 0, 0, 0, 0, 0, 0, 0, 0, 0, 3, 3, 0, 0, 0, 0, 0,
  0, 0, 0, 0, 0, 1, 0, 25, 67, 52, 12, 8, 11, 7, 7, 52, 67, 31, 8, 9,
  9, 5, 28, 68, 52, 12, 8, 11, 7, 6, 50, 64, 26, 1, 1, 0, 0, 0, 0, 0,
  0, 0, 0, 0, 0, 3, 1, 107, 249, 191, 15, 0, 9, 0, 22, 196, 249, 100, 0, 4,
  3, 1, 107, 249, 191, 15, 0, 9, 0, 22, 196, 249, 100, 0, 3, 0, 0, 0, 0, 0,
  0, 0, 0, 1, 0, 0, 41, 176, 255, 203, 15, 0, 1, 10, 98, 242, 255, 104, 0, 2,
  0, 41, 176, 255, 203, 15, 0, 1, 10, 98, 242, 255, 104, 0, 4, 0, 0, 0, 0, 0,
  0, 0, 0, 2, 0, 0, 124, 236, 231, 118, 12, 8, 2, 41, 204, 253, 185, 52, 6, 6,
  0, 124, 236, 231, 118, 12, 8, 2, 41, 204, 253, 185, 49, 0, 3, 0, 0, 0, 0, 0,
  0, 0, 0, 2, 0, 0, 170, 255, 188, 26, 0, 0, 0, 61, 255, 255, 95, 0, 0, 0,
  0, 170, 255, 188, 26, 0, 0, 0, 61, 255, 255, 93, 6, 3, 1, 0, 0, 0, 0, 0,
  0, 0, 0, 1, 0, 0, 98, 172, 93, 0, 44, 65, 23, 35, 150, 149, 28, 19, 67, 45,
  4, 98, 174, 93, 0, 44, 65, 23, 35, 150, 148, 31, 0, 4, 0, 0, 0, 0, 0, 0,
  0, 0, 0, 0, 0, 0, 0, 0, 0, 23, 197, 249, 100, 0, 0, 0, 0, 107, 248, 191,
  15, 0, 0, 0, 23, 196, 249, 100, 0, 0, 0, 0, 0, 0, 0, 0, 0, 0, 0, 0,
  0, 0, 0, 0, 0, 0, 0, 0, 7, 98, 242, 255, 104, 0, 0, 0, 40, 176, 255, 203,
  15, 0, 0, 7, 98, 242, 255, 104, 0, 0, 0, 0, 0, 0, 0, 0, 0, 0, 0, 0,
  0, 0, 0, 0, 0, 0, 8, 2, 43, 204, 253, 185, 49, 0, 3, 2, 125, 236, 231, 117,
  6, 2, 2, 43, 204, 253, 185, 49, 0, 5, 2, 1, 0, 0, 0, 0, 0, 0, 0, 0,
  0, 0, 0, 0, 0, 0, 8, 0, 62, 255, 255, 96, 6, 5, 0, 0, 174, 255, 193, 26,
  0, 6, 0, 62, 255, 255, 96, 6, 3, 1, 0, 0, 0, 0, 0, 0, 0, 0, 0, 0,
  0, 0, 0, 0, 0, 0, 4, 0, 33, 139, 138, 29, 0, 6, 0, 0, 91, 159, 88, 0,
  0, 6, 0, 33, 139, 138, 29, 0, 4, 0, 0, 0, 0, 0, 0, 0, 0, 0, 0, 0,
  0, 0, 0, 0, 0, 0, 0, 0, 0, 0, 0, 0, 1, 0, 0, 0, 0, 0, 0, 1,
  0, 0, 0, 0, 0, 0, 0, 1, 0, 0, 0, 0, 0, 0, 0, 0, 0, 0, 0, 0,
};

static const uint16_t ICON_HAZE[1600] = {
  0x0000, 0x0000, 0x0000, 0x0000, 0x0000, 0x0000, 0x0000, 0x0000, 0x0000, 0x0000, 0x0000, 0x0000,
  0x0020, 0x0000, 0x0000, 0x0000, 0x0000, 0x0020, 0x0000, 0x0860, 0xB525, 0xE6C7, 0x5AA2, 0x0000,
  0x0000, 0x0000, 0x0000, 0x0000, 0x0000, 0x0000, 0x0000, 0x0000, 0x0000, 0x0000, 0x0000, 0x0000,
  0x0000, 0x0000, 0x0000, 0x0000, 0x0000, 0x0000, 0x0000, 0x0000, 0x0000, 0x0000, 0x0000, 0x0000,
  0x0000, 0x0000, 0x0000, 0x0000, 0x0000, 0x0000, 0x0000, 0x0000, 0x0000, 0x0020, 0x0000, 0x1080,
  0xDE67, 0xF789, 0x7363, 0x0000, 0x0020, 0x0000, 0x0000, 0x0000, 0x0000, 0x0000, 0x0000, 0x0000,
  0x0000, 0x0000, 0x0000, 0x0000, 0x0000, 0x0000, 0x0000, 0x0000, 0x0000, 0x0000, 0x0000, 0x0000,
  0x0000, 0x0000, 0x0000, 0x0000, 0x0000, 0x0000, 0x0000, 0x5282, 0x8424, 0x4A42, 0x0000, 0x0000,
  0x0000, 0x0020, 0x0000, 0x1080, 0xEEE7, 0xFFE9, 0x7B83, 0x0000, 0x0020, 0x0000, 0x0000, 0x0000,
  0x10A0, 0x7BA4, 0x7BA3, 0x18E0, 0x0000, 0x0000, 0x0000, 0x0000, 0x0000, 0x0000, 0x0000, 0x0000,
  0x0000, 0x0000, 0x0000, 0x0000, 0x0000, 0x0000, 0x0000, 0x0000, 0x0000, 0x0000, 0x0000, 0xAD25,
  0xFFE9, 0xC5E6, 0x18C0, 0x0000, 0x0000, 0x0020, 0x0000, 0x0840, 0x7BC4, 0xAD05, 0x41E2, 0x0000,
  0x0020, 0x0000, 0x0020, 0x0840, 0x6303, 0xFFE8, 0xFFE8, 0x39C2, 0x0000, 0x0820, 0x0000, 0x0000,
  0x0000, 0x0000, 0x0000, 0x0000, 0x0000, 0x0000, 0x0000, 0x0000, 0x0000, 0x0000, 0x0000, 0x0000,
  0x0000, 0x0000, 0x0000, 0x7BA4, 0xF788, 0xDEA7, 0x5AA2, 0x0020, 0x0000, 0x0000, 0x0000, 0x0000,
  0x0000, 0x0000, 0x0000, 0x0000, 0x0000, 0x0000, 0x0000, 0x2101, 0xA4C5, 0xFFA8, 0xCDE6, 0x2941,
  0x0000, 0x0020, 0x0000, 0x0000, 0x0000, 0x0000, 0x0000, 0x0000, 0x0000, 0x0000, 0x0000, 0x0000,
  0x0000, 0x0000, 0x0000, 0x0000, 0x0000, 0x0000, 0x0000, 0x10A0, 0x8C44, 0xAD05, 0x2921, 0x0000,
  0x0000, 0x0000, 0x0000, 0x0000, 0x0000, 0x0000, 0x0000, 0x0000, 0x0000, 0x0000, 0x0000, 0x0840,
  0x6B23, 0xBD86, 0x4222, 0x0000, 0x0000, 0x0000, 0x0000, 0x0000, 0x0000, 0x0000, 0x0000, 0x0000,
  0x0000, 0x0000, 0x0000, 0x0000, 0x0000, 0x0020, 0x0020, 0x0020, 0x0000, 0x0000, 0x0000, 0x0000,
  0x18C0, 0x2121, 0x0000, 0x0000, 0x1080, 0x5242, 0x7BA3, 0x9C84, 0xB524, 0xB545, 0xACE4, 0x9444,
  0x6B23, 0x3181, 0x0000, 0x0000, 0x10A0, 0x2941, 0x0020, 0x0000, 0x0000, 0x0000, 0x0000, 0x0020,
  0x0820, 0x0000, 0x0000, 0x0000, 0x0000, 0x0000, 0x0000, 0x0000, 0x0000, 0x0000, 0x0000, 0x0000,
  0x0000, 0x0000, 0x0000, 0x0020, 0x0000, 0x0000, 0x18C0, 0x62C2, 0xA4A3, 0xCDE4, 0xEEC5, 0xFF86,
  0xFFE7, 0xFFE7, 0xFFE7, 0xFF67, 0xE6A6, 0xBD65, 0x8404, 0x41E2, 0x0000, 0x0000, 0x0000, 0x0000,
  0x0000, 0x0000, 0x0000, 0x0000, 0x0000, 0x0000, 0x0000, 0x0000, 0x0000, 0x0000, 0x0000, 0x0000,
  0x0020, 0x3181, 0x39A1, 0x10A0, 0x0000, 0x0000, 0x0000, 0x0000, 0x0840, 0x39A1, 0x9423, 0xF6E4,
  0xFFA5, 0xFF85, 0xFF45, 0xFF26, 0xFF26, 0xFF26, 0xFF46, 0xFF67, 0xFFA7, 0xFFE8, 0xFFE8, 0xCE06,
  0x6303, 0x18E1, 0x0000, 0x0000, 0x0000, 0x0000, 0x0020, 0x2941, 0x39E2, 0x18E1, 0x0000, 0x0000,
  0x0000, 0x0000, 0x0020, 0x0000, 0x18C0, 0xDE87, 0xFF88, 0x8C24, 0x18C1, 0x0000, 0x0000, 0x0000,
  0x49E1, 0xC583, 0xFF45, 0xFF25, 0xFF05, 0xFF25, 0xFF25, 0xFF25, 0xFF46, 0xFF46, 0xFF46, 0xFF66,
  0xFF66, 0xFF67, 0xFF47, 0xFFE8, 0xF747, 0x8C24, 0x1080, 0x0000, 0x0000, 0x0020, 0x4A22, 0xCE06,
  0xFFE8, 0x7BC4, 0x0000, 0x0000, 0x0000, 0x0000, 0x0020, 0x0000, 0x18C0, 0xDE87, 0xFFE9, 0xEEE7,
  0x7383, 0x0000, 0x0000, 0x4A21, 0xCD63, 0xFF24, 0xFF04, 0xFF04, 0xFF05, 0xFF25, 0xFF25, 0xFF25,
  0xFF45, 0xFF46, 0xFF46, 0xFF46, 0xFF66, 0xFF67, 0xFF67, 0xFF87, 0xFFC8, 0xF727, 0x8C04, 0x18C0,
  0x0000, 0x2941, 0xBDA6, 0xFFA8, 0xFFE8, 0x7BA3, 0x0000, 0x0000, 0x0000, 0x0000, 0x0000, 0x0000,
  0x0020, 0x31A1, 0x8C44, 0x8C44, 0x3181, 0x0000, 0x20E0, 0xBD02, 0xFF44, 0xFF04, 0xFEE4, 0xFF04,
  0xFF04, 0xFF04, 0xFF25, 0xFF25, 0xFF25, 0xFF45, 0xFF46, 0xFF46, 0xFF46, 0xFF66, 0xFF67, 0xFF67,
  0xFF87, 0xFFC8, 0xEF47, 0x62E3, 0x0020, 0x1080, 0x6303, 0x9CC5, 0x6303, 0x18C0, 0x0000, 0x0000,
  0x0000, 0x0000, 0x0000, 0x0000, 0x0000, 0x0000, 0x10A0, 0x18C0, 0x0000, 0x0020, 0x8BA1, 0xF6A3,
  0xFF23, 0xFEC3, 0xFEE4, 0xFEE4, 0xFF04, 0xFF04, 0xFF05, 0xFF25, 0xFF25, 0xFF25, 0xFF45, 0xFF46,
  0xFF46, 0xFF66, 0xFF66, 0xFF67, 0xFF67, 0xFF87, 0xFFE8, 0xCE06, 0x39C2, 0x0000, 0x0840, 0x2101,
  0x0000, 0x0000, 0x0000, 0x0000, 0x0000, 0x0000, 0x0000, 0x0000, 0x0000, 0x0020, 0x0000, 0x0000,
  0x0000, 0x2900, 0xE602, 0xFF03, 0xFEA3, 0xFEE3, 0xFEE3, 0xFEE4, 0xFF04, 0xFF04, 0xFF04, 0xFF05,
  0xFF25, 0xFF25, 0xFF25, 0xFF45, 0xFF46, 0xFF46, 0xFF46, 0xFF66, 0xFF67, 0xFF67, 0xFF47, 0xFFE8,
  0x8C04, 0x0840, 0x0000, 0x0000, 0x0000, 0x0000, 0x0000, 0x0000, 0x0000, 0x0000, 0x0000, 0x0000,
  0x0000, 0x0000, 0x0020, 0x0000, 0x0840, 0x72E1, 0xF662, 0xFF03, 0xFEA3, 0xFEC3, 0xFEE3, 0xFEE3,
  0xFEE4, 0xFEE4, 0xFF04, 0xFF04, 0xFF05, 0xFF25, 0xFF25, 0xFF25, 0xFF45, 0xFF46, 0xFF46, 0xFF66,
  0xFF66, 0xFF67, 0xFF67, 0xFFE7, 0xBD65, 0x3181, 0x0000, 0x0000, 0x0000, 0x0000, 0x0000, 0x0000,
  0x0000, 0x0000, 0x0000, 0x0000, 0x0000, 0x0000, 0x0020, 0x0000, 0x20E0, 0xAC81, 0xFEA2, 0xFEE2,
  0xFEA2, 0xFEC3, 0xFEC3, 0xFEE3, 0xFEE3, 0xFEE4, 0xFEE4, 0xFF04, 0xFF04, 0xFF05, 0xFF25, 0xFF25,
  0xFF25, 0xFF45, 0xFF46, 0xFF46, 0xFF46, 0xFF66, 0xFF66, 0xFFA7, 0xE686, 0x6B23, 0x0000, 0x0000,
  0x0020, 0x0020, 0x0020, 0x0000, 0x0000, 0x0020, 0x0021, 0x0021, 0x0021, 0x0021, 0x0861, 0x0021,
  0x3181, 0xDDC2, 0xFEA3, 0xFEC3, 0xFEA3, 0xFEC3, 0xFEC3, 0xFEE3, 0xFEE3, 0xFEE3, 0xFEE4, 0xFEE4,
  0xFF04, 0xFF04, 0xFF04, 0xFF25, 0xFF25, 0xFF25, 0xFF45, 0xFF46, 0xFF46, 0xFF46, 0xFF46, 0xFF67,
  0xFF67, 0x9444, 0x0000, 0x0000, 0x0000, 0x0000, 0x0000, 0x0000, 0x0000, 0x0000, 0x0000, 0x0000,
  0x0000, 0x0000, 0x0000, 0x0000, 0x28E0, 0xFE40, 0xFEA0, 0xFE80, 0xFE80, 0xFEA0, 0xFEA0, 0xFEC1,
  0xFEC3, 0xFEE3, 0xFEE3, 0xFEE4, 0xFEE4, 0xFF04, 0xFF04, 0xFF05, 0xFF25, 0xFF25, 0xFF25, 0xFF45,
  0xFF46, 0xFF46, 0xFF46, 0xFF46, 0xFFC7, 0xACE4, 0x0000, 0x0000, 0x4202, 0x7BA3, 0x7343, 0x5AA2,
  0x0020, 0x2125, 0x39E8, 0x31E8, 0x39E8, 0x39E8, 0x3A08, 0x39E8, 0x6B08, 0xF6C9, 0xF6C9, 0xF6C9,
  0xF6C9, 0xF6E9, 0xF6E8, 0xFEC6, 0xFEC3, 0xFEC2, 0xFEE3, 0xFEE3, 0xFEE4, 0xFF04, 0xFF04, 0xFF04,
  0xFF05, 0xFF25, 0xFF25, 0xFF25, 0xFF45, 0xFF46, 0xFF46, 0xFF26, 0xFFE7, 0xB544, 0x0000, 0x0000,
  0xA4E5, 0xFFE9, 0xFFE9, 0xE6C7, 0x424A, 0x9D57, 0xE7BF, 0xDF7F, 0xDF9F, 0xDF9F, 0xE79F, 0xE79F,
  0xDF7F, 0xD75F, 0xDF5F, 0xDF5F, 0xDF5F, 0xDF5F, 0xE75D, 0xEF34, 0xFEE7, 0xFEC2, 0xFEC3, 0xFEE3,
  0xFEE3, 0xFEE4, 0xFEE4, 0xFF04, 0xFF04, 0xFF05, 0xFF25, 0xFF25, 0xFF25, 0xFF45, 0xFF46, 0xFF26,
  0xFFE7, 0xB524, 0x0000, 0x0000, 0x7BC4, 0xEEE7, 0xD667, 0xAD25, 0xADFA, 0xC6DE, 0xDF7F, 0xD75F,
  0xDF5F, 0xDF5F, 0xDF5F, 0xDF5F, 0xDF5F, 0xDF3F, 0xDF5F, 0xDF5F, 0xDF5F, 0xDF5F, 0xE75F, 0xE75F,
  0xEF35, 0xFEE8, 0xFEC2, 0xFEC3, 0xFEE3, 0xFEE3, 0xFEE4, 0xFEE4, 0xFF04, 0xFF04, 0xFF05, 0xFF25,
  0xFF25, 0xFF25, 0xFF25, 0xFF26, 0xFF86, 0x9C84, 0x0000, 0x0000, 0x0840, 0x1080, 0x1080, 0x0860,
  0xCF1F, 0xCF1F, 0xCEFE, 0xCEDE, 0xCEDE, 0xCEDE, 0xCEFE, 0xD6FE, 0xD71F, 0xDF3F, 0xDF5F, 0xDF5F,
  0xDF5F, 0xDF5E, 0xE75F, 0xE75F, 0xE75E, 0xF6ED, 0xFEA0, 0xFEC3, 0xFEC3, 0xFEE3, 0xFEE3, 0xFEE4,
  0xFEE4, 0xFF04, 0xFF04, 0xFF04, 0xFF25, 0xFF25, 0xFF25, 0xFF45, 0xEEC5, 0x7B83, 0x0000, 0x0000,
  0x0000, 0x0000, 0x0000, 0x0000, 0x7C32, 0xBE5C, 0xEFFF, 0xEFFF, 0xEFFF, 0xEFFF, 0xEFFF, 0xE79F,
  0xDF3F, 0xDF3F, 0xDF5F, 0xDF5F, 0xDF5F, 0xDF5F, 0xE75F, 0xE75E, 0xE77F, 0xF710, 0xFEA0, 0xFEC3,
  0xFEC3, 0xFEC3, 0xFEE3, 0xFEE3, 0xFEE4, 0xFEE4, 0xFF04, 0xFF04, 0xFF05, 0xFF25, 0xFF05, 0xFF85,
  0xCDC4, 0x4A21, 0x0000, 0x0000, 0x0020, 0x0020, 0x0020, 0x0020, 0x18C3, 0x636F, 0x9D77, 0x9D37,
  0x9D57, 0x9D57, 0x9D57, 0xBE5B, 0xD73F, 0xDF3F, 0xDF5F, 0xDF5F, 0xDF5F, 0xDF5F, 0xE75F, 0xE75E,
  0xE77F, 0xF710, 0xFEA0, 0xFEC3, 0xFEC2, 0xFEC3, 0xFEC3, 0xFEE3, 0xFEE3, 0xFEE4, 0xFF04, 0xFF04,
  0xFF04, 0xFF04, 0xFF05, 0xFFC5, 0xA483, 0x18A0, 0x0000, 0x0000, 0x0000, 0x0000, 0x0000, 0x0000,
  0x0000, 0x0000, 0x0000, 0x0000, 0x0000, 0x0000, 0x0000, 0x426A, 0xADD9, 0xDF5F, 0xDF5F, 0xDF3F,
  0xDF5F, 0xDF5F, 0xE75F, 0xE75E, 0xE77F, 0xF710, 0xFE80, 0xFEA2, 0xFEC2, 0xFEC2, 0xFEC3, 0xFEC3,
  0xFEE3, 0xFEE3, 0xFEE4, 0xFEE4, 0xFF04, 0xFF04, 0xFF25, 0xF6E5, 0x62C2, 0x0000, 0x0000, 0x0000,
  0x0000, 0x0000, 0x0000, 0x0000, 0x0000, 0x0000, 0x0000, 0x0000, 0x0000, 0x0000, 0x0000, 0x0020,
  0x52EC, 0xE79F, 0xDF7F, 0xDF3F, 0xDF5F, 0xDF5F, 0xE75F, 0xE75E, 0xE77F, 0xEF11, 0xFE80, 0xFEA2,
  0xFEA2, 0xFEC3, 0xFEC3, 0xFEC3, 0xFEE3, 0xFEE4, 0xFEE4, 0xFF04, 0xFEE4, 0xFF25, 0xFF65, 0x9422,
  0x18A0, 0x0000, 0x0000, 0x0000, 0x0000, 0x0000, 0x0000, 0x0000, 0x0000, 0x0000, 0x0000, 0x0020,
  0x0841, 0x0841, 0x0861, 0x0000, 0x39E8, 0xE7BF, 0xE77F, 0xDF3F, 0xDF5F, 0xDF5F, 0xE75F, 0xE75E,
  0xE77F, 0xEF39, 0xF6CB, 0xFE80, 0xFE80, 0xFEA0, 0xFEA0, 0xFEA0, 0xFEA0, 0xFEC0, 0xFEC0, 0xFEC0,
  0xFF01, 0xFEC1, 0xB4C1, 0x2940, 0x0000, 0x0020, 0x0000, 0x0000, 0x0000, 0x0000, 0x0000, 0x0000,
  0x0000, 0x0000, 0x0000, 0x0000, 0x0000, 0x0000, 0x0000, 0x1904, 0x8453, 0xDF7F, 0xDF5F, 0xDF3F,
  0xDF5F, 0xDF5F, 0xE75F, 0xE75F, 0xE75F, 0xE75E, 0xEF39, 0xF711, 0xF710, 0xF710, 0xF710, 0xF710,
  0xF730, 0xF730, 0xF730, 0xF730, 0xFF71, 0xF710, 0x9C8C, 0x10A2, 0x0000, 0x0000, 0x0000, 0x0000,
  0x0000, 0x0000, 0x0000, 0x0000, 0x0000, 0x0000, 0x0000, 0x10A2, 0x31A7, 0x39E8, 0x3A09, 0x8452,
  0xCEDD, 0xDF3F, 0xDF5F, 0xDF3F, 0xDF5F, 0xDF5F, 0xE75F, 0xE75F, 0xE75F, 0xE75F, 0xE77F, 0xE77F,
  0xE79F, 0xE79F, 0xEF9F, 0xEF9F, 0xEF9F, 0xEF9F, 0xEF9F, 0xEF9F, 0xF79F, 0xF79F, 0xD6BB, 0x736D,
  0x1082, 0x0000, 0x0000, 0x0000, 0x0000, 0x0000, 0x0000, 0x0000, 0x0000, 0x0000, 0x10C3, 0x73D1,
  0xCF1F, 0xE79F, 0xE79F, 0xDF5F, 0xD73F, 0xDF3F, 0xDF5F, 0xDF5F, 0xDF5F, 0xDF5F, 0xE75F, 0xE75F,
  0xE75F, 0xE75F, 0xE75E, 0xE77E, 0xEF7E, 0xEF7E, 0xEF7E, 0xEF7E, 0xEF7E, 0xEF7E, 0xF79D, 0xF79D,
  0xF79D, 0xF79E, 0xF79E, 0xE71C, 0x5ACB, 0x0000, 0x0000, 0x0000, 0x0000, 0x0000, 0x0000, 0x0000,
  0x0020, 0x0000, 0x52ED, 0xCF1E, 0xD73F, 0xDF5F, 0xDF5F, 0xDF5F, 0xDF3F, 0xDF3F, 0xDF5F, 0xDF5F,
  0xDF5F, 0xDF5F, 0xE75F, 0xE75F, 0xE75F, 0xE75F, 0xE75E, 0xE77E, 0xEF7E, 0xEF7E, 0xEF7E, 0xEF7E,
  0xEF7E, 0xEF7E, 0xF79E, 0xF79E, 0xF79E, 0xF79E, 0xF77D, 0xFFFF, 0x738E, 0x0000, 0x0020, 0x0000,
  0x0000, 0x0000, 0x0000, 0x0000, 0x0020, 0x0000, 0x6BB0, 0xE7DF, 0xCEFE, 0xCEDE, 0xCEFE, 0xCEFE,
  0xD6FE, 0xD71E, 0xD71E, 0xD71E, 0xD71E, 0xDF1E, 0xDF1E, 0xDF1E, 0xDF3E, 0xDF3E, 0xDF3D, 0xDF3D,
  0xE73D, 0xE73D, 0xE73D, 0xE73D, 0xE75D, 0xE75D, 0xEF5D, 0xEF5D, 0xEF5D, 0xEF5D, 0xF79E, 0xF79E,
  0x632C, 0x0000, 0x0020, 0x0000, 0x0000, 0x0000, 0x0000, 0x0000, 0x0000, 0x0000, 0x31E8, 0xA598,
  0xE79F, 0xEFFF, 0xEFFF, 0xEFFF, 0xEFFF, 0xF7FF, 0xF7FF, 0xF7FF, 0xF7FF, 0xFFFF, 0xFFFF, 0xFFFF,
  0xFFFF, 0xFFFF, 0xFFFF, 0xFFFF, 0xFFFF, 0xFFFF, 0xFFFF, 0xFFFF, 0xFFFF, 0xFFFF, 0xFFFF, 0xFFFF,
  0xFFFF, 0xFFFF, 0xEF7D, 0x9471, 0x2124, 0x0000, 0x0000, 0x0000, 0x0000, 0x0000, 0x0000, 0x0000,
  0x0000, 0x0000, 0x0020, 0x3A09, 0x8CD5, 0x9D57, 0x9D57, 0x9D57, 0x9D57, 0xA557, 0xA557, 0xA557,
  0xA557, 0xA556, 0xA576, 0xA576, 0xA576, 0xAD76, 0xAD76, 0xAD76, 0xAD76, 0xAD76, 0xAD76, 0xAD76,
  0xAD96, 0xB596, 0xB596, 0xB596, 0xB5B6, 0xAD75, 0x8430, 0x2104, 0x0000, 0x0000, 0x0000, 0x0000,
  0x0000, 0x0000, 0x0000, 0x0000, 0x0000, 0x0000, 0x0000, 0x0000, 0x0000, 0x0000, 0x0000, 0x0000,
  0x0000, 0x0000, 0x0000, 0x0000, 0x0000, 0x0000, 0x0000, 0x0000, 0x0000, 0x0000, 0x0000, 0x0000,
  0x0000, 0x0000, 0x0000, 0x0000, 0x0000, 0x0000, 0x0000, 0x0000, 0x0000, 0x0000, 0x0000, 0x0000,
  0x0000, 0x0000, 0x0000, 0x0000, 0x0000, 0x0000, 0x0000, 0x0000, 0x0000, 0x0000, 0x0000, 0x0000,
  0x0000, 0x0000, 0x0000, 0x0000, 0x0000, 0x0000, 0x0000, 0x0000, 0x0000, 0x0000, 0x0000, 0x0000,
  0x0000, 0x0000, 0x0000, 0x0000, 0x0000, 0x0000, 0x0000, 0x0000, 0x0000, 0x0000, 0x0000, 0x0000,
  0x0000, 0x0000, 0x0000, 0x0000, 0x0000, 0x0000, 0x0000, 0x0000, 0x0000, 0x0000, 0x0000, 0x0000,
  0x0000, 0x0000, 0x0000, 0x0000, 0x0000, 0x0000, 0x0000, 0x0000, 0x0000, 0x0000, 0x0000, 0x0000,
  0x0000, 0x0000, 0x0000, 0x0000, 0x0000, 0x0000, 0x0000, 0x0000, 0x0000, 0x0000, 0x0020, 0x0000,
  0x0841, 0x6B90, 0x9516, 0x9536, 0x9516, 0x6390, 0x0861, 0x0000, 0x31E8, 0x8494, 0x94F6, 0x9516,
  0x8CF6, 0x9536, 0x8494, 0x6BD1, 0x0000, 0x0000, 0x0000, 0x0000, 0x0000, 0x0000, 0x0000, 0x0000,
  0x10A3, 0x52EC, 0x636F, 0x636F, 0x636F, 0x636F, 0x636F, 0x636F, 0x636F, 0x634F, 0x31C8, 0x0000,
  0x0000, 0x0000, 0x0020, 0x0000, 0x0862, 0xB65C, 0xFFFF, 0xFFFF, 0xFFFF, 0xB63B, 0x1082, 0x0000,
  0x634F, 0xEFFF, 0xFFFF, 0xFFFF, 0xFFFF, 0xFFFF, 0xEFFF, 0xC6BD, 0x0000, 0x0000, 0x0000, 0x0000,
  0x0000, 0x0000, 0x0020, 0x0000, 0x2966, 0xBE7D, 0xE7DF, 0xE7FF, 0xE7DF, 0xE7DF, 0xE7DF, 0xE7DF,
  0xE7DF, 0xDF9F, 0x7C32, 0x0000, 0x0000, 0x0000, 0x0000, 0x0000, 0x0021, 0x5B4E, 0x8494, 0x8CB4,
  0x8494, 0x5B2E, 0x0841, 0x0000, 0x31C7, 0x7C53, 0x84B4, 0x84B4, 0x8494, 0x8CD4, 0x7C53, 0x636F,
  0x0000, 0x0000, 0x0000, 0x0000, 0x0000, 0x0000, 0x0020, 0x0000, 0x2145, 0xA5B9, 0xCEFF, 0xCF1F,
  0xCEFF, 0xCEFF, 0xCEFF, 0xCEFF, 0xCEFF, 0xC6BE, 0x6BB0, 0x0000, 0x0000, 0x0000, 0x0000, 0x0000,
  0x0000, 0x0000, 0x0000, 0x0000, 0x0000, 0x0000, 0x0000, 0x0000, 0x0000, 0x0000, 0x0000, 0x0000,
  0x0000, 0x0000, 0x0000, 0x0000,
};

static const uint8_t ICON_HAZE_A[1600] = {
  0, 0, 0, 0, 0, 0, 0, 0, 0, 0, 0, 2, 4, 3, 0, 0, 0, 5, 0, 14,
  176, 230, 90, 0, 3, 0, 0, 0, 1, 4, 4, 1, 0, 0, 0, 0, 0, 0, 0, 0,
  0, 0, 0, 0, 0, 0, 0, 0, 0, 0, 0, 0, 0, 0, 3, 0, 0, 6, 0, 17,
  216, 244, 112, 0, 4, 0, 0, 1, 0, 0, 0, 0, 0, 0, 0, 0, 0, 0, 0, 0,
  0, 0, 0, 0, 0, 0, 0, 0, 1, 0, 0, 82, 135, 77, 0, 0, 1, 6, 0, 18,
  233, 255, 121, 0, 4, 0, 3, 0, 23, 125, 124, 29, 0, 4, 0, 0, 0, 0, 0, 0,
  0, 0, 0, 0, 0, 0, 0, 0, 2, 0, 0, 174, 255, 198, 27, 1, 1, 6, 2, 12,
  127, 169, 66, 2, 4, 2, 4, 12, 102, 255, 255, 62, 0, 8, 0, 0, 0, 0, 0, 0,
  0, 0, 0, 0, 0, 0, 0, 0, 2, 0, 0, 124, 244, 222, 90, 4, 0, 0, 0, 0,
  0, 0, 0, 0, 0, 0, 0, 36, 161, 250, 200, 41, 0, 5, 0, 0, 0, 0, 0, 0,
  0, 0, 0, 0, 0, 0, 0, 0, 0, 0, 0, 23, 142, 169, 40, 4, 0, 0, 0, 0,
  0, 0, 0, 0, 0, 0, 2, 11, 104, 185, 71, 4, 0, 1, 0, 0, 0, 0, 0, 0,
  0, 0, 0, 0, 1, 6, 7, 4, 0, 0, 0, 0, 26, 39, 0, 0, 22, 82, 127, 157,
  179, 183, 170, 145, 107, 52, 0, 0, 21, 42, 4, 0, 0, 0, 2, 6, 8, 4, 0, 0,
  0, 0, 0, 0, 0, 0, 0, 0, 1, 0, 0, 6, 0, 0, 29, 103, 164, 207, 239, 255,
  255, 255, 255, 253, 225, 185, 134, 67, 0, 0, 0, 2, 0, 1, 0, 0, 0, 0, 0, 0,
  0, 0, 1, 0, 6, 52, 59, 22, 0, 0, 1, 0, 9, 59, 151, 246, 255, 255, 255, 252,
  249, 248, 250, 254, 255, 255, 255, 200, 102, 29, 0, 0, 1, 0, 4, 42, 63, 30, 0, 1,
  0, 0, 4, 0, 27, 220, 254, 138, 27, 0, 0, 4, 72, 200, 255, 254, 251, 253, 254, 254,
  255, 255, 255, 254, 253, 252, 248, 255, 245, 139, 17, 0, 2, 5, 75, 202, 255, 124, 0, 3,
  0, 0, 4, 0, 26, 219, 255, 233, 117, 0, 0, 79, 201, 254, 255, 255, 255, 255, 255, 255,
  255, 255, 255, 255, 255, 255, 255, 254, 255, 243, 137, 27, 1, 43, 190, 255, 255, 121, 0, 3,
  0, 0, 1, 0, 6, 55, 139, 143, 53, 1, 35, 186, 255, 254, 253, 255, 255, 255, 255, 255,
  255, 255, 255, 255, 255, 255, 255, 253, 253, 255, 239, 98, 4, 18, 103, 158, 100, 28, 2, 1,
  0, 0, 0, 0, 0, 0, 23, 29, 0, 4, 138, 247, 255, 250, 255, 255, 255, 255, 255, 255,
  255, 255, 255, 255, 255, 255, 255, 255, 253, 252, 255, 206, 60, 0, 9, 35, 0, 0, 1, 0,
  0, 0, 0, 0, 1, 6, 0, 0, 3, 40, 227, 255, 252, 255, 255, 255, 255, 255, 255, 255,
  255, 255, 255, 255, 255, 255, 255, 255, 255, 255, 249, 255, 136, 8, 1, 0, 2, 3, 0, 0,
  0, 0, 0, 0, 0, 0, 5, 1, 13, 113, 245, 254, 251, 255, 255, 255, 255, 255, 255, 255,
  255, 255, 255, 255, 255, 255, 255, 255, 255, 255, 252, 253, 184, 50, 1, 2, 2, 0, 0, 0,
  0, 0, 0, 0, 0, 0, 5, 0, 36, 176, 253, 255, 253, 255, 255, 255, 255, 255, 255, 255,
  255, 255, 255, 255, 255, 255, 255, 255, 255, 255, 253, 255, 224, 105, 0, 0, 4, 4, 4, 3,
  2, 6, 8, 8, 8, 8, 14, 8, 57, 221, 255, 255, 254, 255, 255, 255, 255, 255, 255, 255,
  255, 255, 255, 255, 255, 255, 255, 255, 255, 255, 254, 254, 251, 145, 0, 0, 0, 0, 0, 0,
  0, 0, 0, 0, 0, 0, 0, 0, 39, 247, 255, 254, 255, 255, 255, 255, 255, 255, 255, 255,
  255, 255, 255, 255, 255, 255, 255, 255, 255, 255, 255, 251, 255, 170, 0, 0, 67, 121, 112, 90,
  6, 42, 67, 67, 67, 67, 73, 67, 114, 255, 255, 253, 255, 255, 255, 255, 255, 255, 255, 255,
  255, 255, 255, 255, 255, 255, 255, 255, 255, 255, 255, 248, 254, 182, 0, 0, 164, 255, 255, 225,
  82, 191, 255, 255, 255, 255, 255, 255, 255, 255, 255, 255, 255, 255, 255, 255, 255, 255, 255, 255,
  255, 255, 255, 255, 255, 255, 255, 255, 255, 255, 255, 249, 255, 177, 0, 0, 126, 232, 215, 172,
  212, 244, 255, 255, 255, 255, 255, 255, 255, 255, 255, 255, 255, 255, 255, 255, 255, 255, 255, 255,
  255, 255, 255, 255, 255, 255, 255, 255, 255, 255, 254, 253, 255, 157, 0, 0, 11, 18, 17, 13,
  252, 252, 244, 244, 244, 244, 245, 247, 252, 255, 255, 255, 255, 255, 255, 255, 255, 255, 255, 255,
  255, 255, 255, 255, 255, 255, 255, 255, 255, 255, 253, 255, 238, 126, 0, 0, 0, 0, 0, 0,
  148, 229, 255, 255, 255, 255, 255, 255, 255, 255, 255, 255, 255, 255, 255, 255, 255, 255, 255, 255,
  255, 255, 255, 255, 255, 255, 255, 255, 255, 255, 252, 252, 205, 77, 0, 0, 5, 6, 6, 5,
  30, 122, 188, 186, 188, 188, 189, 221, 254, 255, 255, 255, 255, 255, 255, 255, 255, 255, 255, 255,
  255, 255, 255, 255, 255, 255, 255, 255, 255, 255, 251, 255, 163, 26, 1, 0, 1, 0, 0, 0,
  0, 0, 0, 0, 0, 0, 0, 85, 207, 255, 255, 254, 255, 255, 255, 255, 255, 255, 255, 255,
  255, 255, 255, 255, 255, 255, 255, 255, 255, 255, 255, 248, 101, 0, 3, 0, 0, 0, 0, 0,
  0, 0, 0, 0, 0, 0, 0, 5, 102, 255, 255, 253, 255, 255, 255, 255, 255, 255, 255, 255,
  255, 255, 255, 255, 255, 255, 255, 255, 253, 255, 255, 149, 26, 0, 1, 0, 0, 0, 0, 0,
  1, 2, 3, 6, 10, 12, 14, 0, 70, 255, 255, 253, 255, 255, 255, 255, 255, 255, 255, 255,
  255, 255, 255, 255, 255, 255, 255, 253, 254, 251, 176, 47, 2, 4, 0, 0, 0, 0, 0, 0,
  0, 0, 0, 0, 0, 0, 0, 36, 154, 255, 255, 253, 255, 255, 255, 255, 255, 255, 255, 255,
  255, 255, 255, 255, 255, 255, 255, 253, 255, 249, 158, 23, 0, 4, 0, 0, 0, 0, 0, 0,
  0, 0, 0, 22, 61, 68, 72, 153, 242, 255, 255, 254, 255, 255, 255, 255, 255, 255, 255, 255,
  255, 255, 255, 255, 255, 255, 255, 255, 255, 252, 223, 117, 20, 1, 2, 0, 0, 0, 0, 0,
  1, 0, 30, 138, 251, 255, 255, 255, 255, 255, 255, 255, 255, 255, 255, 255, 255, 255, 255, 255,
  255, 255, 255, 255, 255, 255, 255, 255, 254, 255, 255, 235, 93, 0, 3, 0, 0, 0, 0, 0,
  4, 0, 105, 246, 255, 255, 255, 255, 255, 255, 255, 255, 255, 255, 255, 255, 255, 255, 255, 255,
  255, 255, 255, 255, 255, 255, 255, 255, 255, 255, 252, 255, 120, 0, 4, 0, 0, 0, 0, 0,
  5, 0, 129, 255, 246, 244, 244, 246, 247, 247, 247, 247, 247, 247, 247, 247, 247, 247, 247, 247,
  247, 247, 247, 247, 247, 247, 247, 247, 246, 248, 254, 249, 105, 0, 4, 0, 0, 0, 0, 0,
  3, 0, 67, 198, 255, 255, 255, 255, 255, 255, 255, 255, 255, 255, 255, 255, 255, 255, 255, 255,
  255, 255, 255, 255, 255, 255, 255, 255, 255, 255, 248, 151, 38, 1, 2, 0, 0, 0, 0, 0,
  0, 0, 5, 73, 172, 188, 188, 187, 188, 188, 188, 188, 188, 188, 188, 188, 188, 188, 188, 188,
  188, 188, 188, 188, 188, 190, 190, 189, 190, 184, 139, 35, 0, 3, 3, 3, 3, 3, 2, 2,
  0, 0, 0, 0, 0, 0, 0, 0, 0, 0, 0, 0, 0, 0, 0, 0, 0, 0, 0, 0,
  0, 0, 0, 0, 0, 0, 0, 0, 0, 0, 0, 0, 0, 0, 0, 0, 0, 0, 0, 0,
  0, 0, 0, 0, 0, 0, 0, 0, 0, 0, 0, 0, 0, 0, 0, 0, 0, 0, 0, 0,
  0, 0, 0, 0, 0, 0, 0, 0, 0, 0, 0, 0, 0, 0, 0, 0, 0, 0, 0, 0,
  0, 0, 0, 1, 2, 3, 2, 3, 0, 0, 0, 0, 0, 0, 0, 0, 0, 0, 0, 3,
  3, 2, 6, 3, 12, 130, 180, 182, 180, 128, 13, 1, 69, 165, 180, 180, 178, 180, 166, 136,
  0, 0, 0, 0, 0, 0, 3, 0, 24, 103, 124, 124, 124, 124, 124, 124, 124, 121, 67, 0,
  0, 1, 6, 0, 16, 225, 255, 255, 255, 222, 20, 0, 121, 255, 255, 255, 255, 255, 255, 239,
  0, 0, 0, 0, 0, 0, 7, 0, 53, 234, 255, 255, 255, 255, 255, 255, 255, 255, 151, 0,
  0, 2, 3, 0, 9, 117, 165, 167, 165, 116, 11, 0, 63, 153, 167, 167, 165, 167, 155, 125,
  0, 0, 0, 0, 0, 0, 6, 0, 46, 207, 250, 250, 249, 250, 250, 249, 250, 241, 133, 0,
  0, 2, 0, 0, 0, 0, 0, 0, 0, 0, 0, 0, 0, 0, 0, 0, 0, 0, 0, 0,
};

static const uint16_t ICON_WINDY[1600] = {
  0x0000, 0x0000, 0x0000, 0x0000, 0x0000, 0x0000, 0x0000, 0x0000, 0x18C1, 0x7327, 0x7327, 0x18C1,
  0x0000, 0x0000, 0x0000, 0x0000, 0x0000, 0x0000, 0x0000, 0x0000, 0x0000, 0x0000, 0x0000, 0x0000,
  0x0000, 0x0000, 0x0000, 0x0000, 0x0000, 0x0000, 0x0000, 0x0000, 0x0000, 0x0000, 0x0000, 0x0000,
  0x0000, 0x0000, 0x0000, 0x0000, 0x0000, 0x0000, 0x0000, 0x0000, 0x0000, 0x0020, 0x0840, 0x0000,
  0x1081, 0x7B67, 0x7B67, 0x1081, 0x0000, 0x0840, 0x0020, 0x0000, 0x0000, 0x0000, 0x0000, 0x0000,
  0x0000, 0x0000, 0x0000, 0x0000, 0x0000, 0x0000, 0x0000, 0x0000, 0x0000, 0x0000, 0x0000, 0x0000,
  0x0000, 0x0000, 0x0000, 0x0000, 0x0000, 0x0000, 0x0000, 0x0000, 0x0000, 0x0000, 0x4A04, 0x6AE6,
  0x0000, 0x0000, 0x0000, 0x0020, 0x5245, 0xACEC, 0xACEC, 0x5246, 0x0000, 0x0000, 0x0000, 0x0000,
  0x6AE6, 0x49E4, 0x0000, 0x0000, 0x0000, 0x0000, 0x0000, 0x0000, 0x0000, 0x0020, 0x0020, 0x0020,
  0x0000, 0x0000, 0x0000, 0x0000, 0x0000, 0x0000, 0x0000, 0x0000, 0x0000, 0x0000, 0x0000, 0x0000,
  0x0000, 0x0000, 0x6AE6, 0xCDAD, 0x6AE6, 0x20E2, 0x3184, 0x736A, 0xBD90, 0xE6B2, 0xE6B2, 0xBD6F,
  0x7349, 0x3164, 0x20E2, 0x6AE6, 0xCDAD, 0x6AC6, 0x0000, 0x0000, 0x0000, 0x0000, 0x0000, 0x0000,
  0x0000, 0x0000, 0x0000, 0x0000, 0x0000, 0x0000, 0x0000, 0x0000, 0x0000, 0x0000, 0x0000, 0x0000,
  0x0000, 0x0000, 0x0000, 0x0000, 0x0000, 0x0000, 0x0000, 0x6AE6, 0xEE6E, 0xA48B, 0xE693, 0xFFF8,
  0xFF56, 0xFF54, 0xFF33, 0xFF33, 0xFFB5, 0xDE31, 0xA46B, 0xEE6E, 0x6AE6, 0x0000, 0x0000, 0x0000,
  0x0000, 0x0000, 0x0000, 0x0000, 0x0020, 0x0841, 0x0841, 0x0041, 0x0000, 0x0000, 0x0000, 0x0000,
  0x0000, 0x0000, 0x0000, 0x0000, 0x0000, 0x0000, 0x0000, 0x0000, 0x0000, 0x0020, 0x0000, 0x20E2,
  0xA48B, 0xF715, 0xFF96, 0xFF53, 0xFF11, 0xFF10, 0xFF10, 0xFF10, 0xFF10, 0xFF31, 0xF68F, 0xA44A,
  0x20E2, 0x0000, 0x0000, 0x0000, 0x0000, 0x0000, 0x0000, 0x10C4, 0x5B4F, 0x7C73, 0x8494, 0x7412,
  0x3A29, 0x0000, 0x0000, 0x0000, 0x0000, 0x0000, 0x0000, 0x0000, 0x0000, 0x0000, 0x0000, 0x0000,
  0x0000, 0x0840, 0x0000, 0x2964, 0xDE93, 0xFF96, 0xFF33, 0xFED0, 0xFEEF, 0xFEEF, 0xFEEF, 0xFEEF,
  0xFECF, 0xFF10, 0xFF30, 0xDDCD, 0x2903, 0x0000, 0x0861, 0x0020, 0x0000, 0x3209, 0x84D5, 0xADF9,
  0xC6BD, 0xC71E, 0xC6FF, 0xBEDE, 0xAE5B, 0x9537, 0x638F, 0x0841, 0x0000, 0x0020, 0x0000, 0x0000,
  0x0000, 0x0000, 0x0000, 0x0000, 0x0000, 0x0000, 0x0840, 0x738A, 0xFFF8, 0xFF53, 0xFED0, 0xFEEF,
  0xFEF0, 0xFEF0, 0xFEF0, 0xFEF0, 0xFF10, 0xFEF0, 0xFEF0, 0xFEEF, 0x7AE5, 0x0000, 0x0000, 0x0000,
  0x4AAC, 0xADF9, 0xDFBF, 0xDFFF, 0xCF7F, 0xC73F, 0xBF1F, 0xBF1F, 0xC77F, 0xCFBF, 0xAE9D, 0x5B90,
  0x10C3, 0x0000, 0x0000, 0x0000, 0x0000, 0x0000, 0x0000, 0x0000, 0x18C1, 0x18A1, 0x4A25, 0xBD90,
  0xFF55, 0xFF11, 0xFEEF, 0xFEF0, 0xFEF0, 0xFEF0, 0xFEF0, 0xFF10, 0xFEF0, 0xFECF, 0xFE8E, 0xEE91,
  0xBD4F, 0x630B, 0x39E8, 0x426A, 0xC6FE, 0xE7DF, 0xC71F, 0xAEBF, 0xA6BF, 0xAEBF, 0xAEBF, 0xAEBF,
  0xA69F, 0xA69F, 0xAEDF, 0xAEDE, 0x530E, 0x0041, 0x0020, 0x0000, 0x0000, 0x0000, 0x0000, 0x0000,
  0x7327, 0x7327, 0xACCC, 0xE6B2, 0xFF54, 0xFF10, 0xFEEF, 0xFEF0, 0xFEF0, 0xFEF0, 0xFEF0, 0xFF10,
  0xFEAF, 0xFE8E, 0xF691, 0xCEBA, 0xCF3F, 0xDFBF, 0xDFBF, 0xDF9F, 0xD75F, 0xBF1F, 0xAEDF, 0xAEDF,
  0xAEDF, 0xAEDF, 0xAEDF, 0xAEDF, 0xAEDF, 0xAEDF, 0xAEBF, 0xB71F, 0x8D99, 0x3209, 0x0000, 0x0000,
  0x0000, 0x0000, 0x0000, 0x0000, 0x7B47, 0x8388, 0xB50C, 0xE6B2, 0xFF33, 0xFF10, 0xFEEF, 0xFEF0,
  0xFEF0, 0xFEF0, 0xFEF0, 0xFED0, 0xFE8E, 0xF693, 0xCF1E, 0xD75F, 0xCF5F, 0xBF3F, 0xB71F, 0xB71F,
  0xB6FF, 0xAEDF, 0xAEDF, 0xAEDF, 0xAEDF, 0xAEDF, 0xAEDF, 0xAEDF, 0xAEDF, 0xAEDF, 0xAEDF, 0xAEBF,
  0xB73F, 0x7475, 0x0000, 0x0000, 0x0020, 0x0000, 0x0000, 0x0000, 0x18C2, 0x18C1, 0x5246, 0xBD6F,
  0xFF33, 0xFF10, 0xFEEF, 0xFEF0, 0xFEF0, 0xFEF0, 0xFF10, 0xFEAF, 0xE672, 0xCEDB, 0xCF7F, 0xC73F,
  0xB6FF, 0xAEBF, 0xAEBF, 0xAEBF, 0xAEDF, 0xAEDF, 0xAEDF, 0xAEDF, 0xAEDF, 0xAEDF, 0xAEDF, 0xAEDF,
  0xAEDF, 0xAEDF, 0xAEDF, 0xAEBF, 0xBF3F, 0x95FB, 0x3A4A, 0x10A3, 0x0000, 0x0000, 0x0020, 0x0000,
  0x0000, 0x0000, 0x0820, 0x7349, 0xFFB4, 0xFF10, 0xFEAF, 0xFEF0, 0xFF10, 0xFF10, 0xFEF0, 0xFE8C,
  0xE695, 0xC73F, 0xCF5F, 0xB6DF, 0xAEBF, 0xAEDF, 0xAEDF, 0xAEDF, 0xAEDF, 0xAEDF, 0xAEDF, 0xAEDF,
  0xAEDF, 0xAEDF, 0xAEDF, 0xAEDF, 0xAEDF, 0xAEDF, 0xAEDF, 0xAEDF, 0xAEDF, 0xA69E, 0x95BA, 0x7474,
  0x4AED, 0x10C3, 0x0000, 0x0000, 0x0000, 0x0840, 0x0000, 0x2923, 0xDE31, 0xFF31, 0xFECF, 0xFECF,
  0xFEEF, 0xFECF, 0xFE8F, 0xF64F, 0xE6D8, 0xCF7F, 0xBEFF, 0xAEDF, 0xAEDF, 0xAEDF, 0xAEDF, 0xAEDF,
  0xAEDF, 0xAEDF, 0xAEDF, 0xAEDF, 0xAEDF, 0xAEDF, 0xAEDF, 0xAEDF, 0xAEDF, 0xAEDF, 0xAEDF, 0xAEDF,
  0xAEDF, 0xAEDF, 0xB71F, 0xBF5F, 0xAEBF, 0x63D1, 0x10A3, 0x0000, 0x0000, 0x0020, 0x0000, 0x20E2,
  0xA46B, 0xF690, 0xFF10, 0xFECF, 0xFEAF, 0xFE6F, 0xEE93, 0xCE98, 0xCF1D, 0xCF5F, 0xAEDF, 0xAEDF,
  0xAEDF, 0xAEDF, 0xAEDF, 0xAEDF, 0xAEDF, 0xAEDF, 0xAEDF, 0xAEDF, 0xAEDF, 0xAEDF, 0xAEDF, 0xAEDF,
  0xAEDF, 0xAEDF, 0xAEDF, 0xAEDF, 0xAEDF, 0xAEDF, 0xAEBF, 0xAEBF, 0xAEDF, 0xAEBF, 0x536F, 0x0000,
  0x0000, 0x0000, 0x0000, 0x6AE6, 0xEE6E, 0xA44A, 0xDDCD, 0xFEEF, 0xF670, 0xCE98, 0xD75E, 0xD75F,
  0xCF3F, 0xC71F, 0xAEDF, 0xAEDF, 0xAEDF, 0xAEDF, 0xAEDF, 0xAEDF, 0xAEDF, 0xAEDF, 0xAEDF, 0xAEDF,
  0xAEDF, 0xAEDF, 0xAEDF, 0xAEDF, 0xAEDF, 0xAEDF, 0xAEDF, 0xAEDF, 0xAEDF, 0xAEDF, 0xAEDF, 0xAEDF,
  0xAEBF, 0xC79F, 0x7D17, 0x18E4, 0x0000, 0x0000, 0x6AE6, 0xD5CD, 0x6AE6, 0x20E2, 0x3143, 0x7306,
  0xBD92, 0xCF5F, 0xCF5F, 0xBF1F, 0xB6FF, 0xB6DF, 0xAEDF, 0xAEDF, 0xAEDF, 0xAEDF, 0xAEDF, 0xAEDF,
  0xAEDF, 0xAEDF, 0xAEDF, 0xAEDF, 0xAEDF, 0xAEDF, 0xAEDF, 0xAEDF, 0xAEDF, 0xAEDF, 0xAEDF, 0xAEDF,
  0xAEDF, 0xAEDF, 0xAEDF, 0xAEDF, 0xAEBF, 0xBF7F, 0x8D9A, 0x3A6B, 0x0000, 0x0000, 0x4A04, 0x6AE6,
  0x0000, 0x0000, 0x0000, 0x2145, 0x9D76, 0xD79F, 0xBF1F, 0xAEBF, 0xAEBF, 0xAEDF, 0xAEDF, 0xAEDF,
  0xAEDF, 0xAEDF, 0xAEDF, 0xAEDF, 0xAEDF, 0xAEDF, 0xAEDF, 0xAEDF, 0xAEDF, 0xAEDF, 0xAEDF, 0xAEDF,
  0xAEDF, 0xAEDF, 0xAEDF, 0xAEDF, 0xAEDF, 0xAEDF, 0xAEDF, 0xAEDF, 0xAEBF, 0xB73F, 0x8D9A, 0x4B2E,
  0x0000, 0x0000, 0x0000, 0x0000, 0x0000, 0x0020, 0x0020, 0x3A4A, 0xAE1B, 0xCF3F, 0xB6FF, 0xAEBF,
  0xAEDF, 0xAEDF, 0xAEDF, 0xAEDF, 0xAEDF, 0xAEDF, 0xAEDF, 0xAEDF, 0xAEDF, 0xAEDF, 0xAEDF, 0xAEDF,
  0xAEDF, 0xAEDF, 0xAEDF, 0xAEDF, 0xAEDF, 0xAEDF, 0xAEDF, 0xAEDF, 0xAEDF, 0xAEDF, 0xAEDF, 0xAEDF,
  0xAEBF, 0xBF7F, 0x8D9A, 0x3A6B, 0x0000, 0x0000, 0x0000, 0x0000, 0x0000, 0x0000, 0x0000, 0x31E8,
  0xA5D9, 0xC73F, 0xB6FF, 0xAEDF, 0xAEDF, 0xAEDF, 0xAEDF, 0xAEDF, 0xAEDF, 0xAEDF, 0xAEDF, 0xAEDF,
  0xAEDF, 0xAEDF, 0xAEDF, 0xAEDF, 0xAEDF, 0xAEDF, 0xAEDF, 0xAEDF, 0xAEDF, 0xAEDF, 0xAEDF, 0xAEDF,
  0xAEDF, 0xAEDF, 0xAEDF, 0xAEDF, 0xAEBF, 0xC79F, 0x7D17, 0x18E4, 0x0000, 0x0000, 0x0000, 0x0000,
  0x0000, 0x0000, 0x0000, 0x0882, 0x63B0, 0xCF5F, 0xBF1F, 0xBEDF, 0xB6DF, 0xAEBF, 0xAEBF, 0xAEBF,
  0xAEBF, 0xAEBF, 0xAEBF, 0xAEBF, 0xAEBF, 0xAEBF, 0xAEBF, 0xAEBF, 0xAEBF, 0xAEBF, 0xAEBF, 0xAEBF,
  0xAEBF, 0xAEBF, 0xAEBF, 0xAEBF, 0xAEBF, 0xAEBF, 0xAEBF, 0xAEBF, 0xAEDF, 0xAEBF, 0x534F, 0x0000,
  0x0000, 0x0000, 0x0000, 0x0000, 0x0000, 0x0000, 0x0000, 0x0000, 0x2166, 0x9598, 0xBF5F, 0xBF7F,
  0xB71F, 0xB71F, 0xB71F, 0xB71F, 0xB71F, 0xB71F, 0xB71F, 0xB71F, 0xB71F, 0xB71F, 0xB71F, 0xB71F,
  0xB71F, 0xB71F, 0xB71F, 0xB71F, 0xB71F, 0xB71F, 0xB71F, 0xB71F, 0xB71F, 0xB71F, 0xB73F, 0xBF5F,
  0xAEBF, 0x5BB1, 0x10A3, 0x0000, 0x0000, 0x0000, 0x0000, 0x0000, 0x0000, 0x0000, 0x0000, 0x0000,
  0x0020, 0x31C8, 0x5B91, 0x7CD6, 0x8D79, 0x95BA, 0x8D9A, 0x8D9A, 0x8D9A, 0x8D9A, 0x8D9A, 0x8D9A,
  0x8D9A, 0x8D9A, 0x8D9A, 0x8D9A, 0x8D9A, 0x8D9A, 0x8D9A, 0x8D9A, 0x8D9A, 0x8D9A, 0x8D9A, 0x8D9A,
  0x8DBA, 0x8D9A, 0x8538, 0x7474, 0x4AED, 0x10C3, 0x0000, 0x0000, 0x0000, 0x0000, 0x0000, 0x0000,
  0x0000, 0x0000, 0x0000, 0x0000, 0x0000, 0x0000, 0x0000, 0x1905, 0x3209, 0x3A6B, 0x3A4A, 0x3A4A,
  0x3A4A, 0x3A4A, 0x3A4A, 0x3A4A, 0x3A4A, 0x3A4A, 0x3A4B, 0x3A4B, 0x3A4B, 0x3A4B, 0x3A4A, 0x3A4A,
  0x3A4A, 0x3A4A, 0x3A4A, 0x3A4A, 0x3A4B, 0x3A4A, 0x29A7, 0x0882, 0x0000, 0x0000, 0x0020, 0x0000,
  0x0000, 0x0000, 0x0000, 0x0000, 0x0000, 0x0000, 0x0000, 0x0000, 0x0000, 0x0000, 0x0000, 0x0000,
  0x0000, 0x0000, 0x0000, 0x0000, 0x0000, 0x0000, 0x0000, 0x0000, 0x0000, 0x0000, 0x0000, 0x0000,
  0x0000, 0x0000, 0x0000, 0x0000, 0x0000, 0x0000, 0x0000, 0x0000, 0x0000, 0x0000, 0x0000, 0x0000,
  0x0000, 0x0000, 0x0000, 0x0000, 0x0000, 0x0000, 0x0000, 0x0000, 0x0000, 0x0000, 0x0000, 0x0000,
  0x0000, 0x0000, 0x0000, 0x0000, 0x0000, 0x0000, 0x0000, 0x0000, 0x0000, 0x0000, 0x0000, 0x0000,
  0x0000, 0x0000, 0x0000, 0x0000, 0x0000, 0x0000, 0x0000, 0x0000, 0x0000, 0x0000, 0x0000, 0x0000,
  0x0000, 0x0000, 0x0000, 0x0000, 0x0000, 0x0000, 0x0000, 0x0000, 0x0000, 0x0000, 0x0000, 0x0000,
  0x0000, 0x0000, 0x0020, 0x0020, 0x0020, 0x0020, 0x0020, 0x0020, 0x0020, 0x0020, 0x0020, 0x0020,
  0x0020, 0x0020, 0x0020, 0x0020, 0x0000, 0x0000, 0x1926, 0x430F, 0x4B72, 0x32AD, 0x08A3, 0x0000,
  0x0000, 0x0020, 0x0020, 0x0020, 0x0020, 0x0020, 0x0020, 0x0000, 0x0000, 0x0000, 0x0000, 0x0000,
  0x0000, 0x0000, 0x0000, 0x0000, 0x0000, 0x0000, 0x0000, 0x0000, 0x0000, 0x0000, 0x0000, 0x0000,
  0x0000, 0x0000, 0x0000, 0x0000, 0x0000, 0x0000, 0x0000, 0x0000, 0x0000, 0x1926, 0x3AAE, 0x3B0F,
  0x32AD, 0x4330, 0x324C, 0x10C4, 0x0000, 0x0000, 0x0000, 0x0000, 0x0000, 0x0000, 0x0000, 0x0000,
  0x0000, 0x0000, 0x0000, 0x0000, 0x0000, 0x0000, 0x08A3, 0x10C4, 0x0000, 0x1926, 0x2188, 0x1967,
  0x1967, 0x1987, 0x1987, 0x1987, 0x1987, 0x1987, 0x1987, 0x1987, 0x1967, 0x1967, 0x2188, 0x1926,
  0x0000, 0x3AEF, 0x4351, 0x0882, 0x0000, 0x10E4, 0x4BB3, 0x29EA, 0x0020, 0x1967, 0x1967, 0x1967,
  0x1967, 0x1987, 0x1105, 0x0000, 0x10C4, 0x08A3, 0x0000, 0x0000, 0x0000, 0x0000, 0x21E9, 0x2A2B,
  0x0000, 0x4330, 0x5C36, 0x5415, 0x5415, 0x5415, 0x5415, 0x5415, 0x5415, 0x5415, 0x5415, 0x5415,
  0x5415, 0x5415, 0x5C36, 0x4330, 0x0000, 0x326C, 0x29EA, 0x0000, 0x0000, 0x0000, 0x4BB3, 0x2A0A,
  0x0041, 0x53F4, 0x5C56, 0x5435, 0x5435, 0x5C56, 0x4331, 0x0000, 0x2A4B, 0x29EA, 0x0000, 0x0000,
  0x0000, 0x0000, 0x0000, 0x0000, 0x0000, 0x0000, 0x0020, 0x0000, 0x0000, 0x0000, 0x0000, 0x0000,
  0x0000, 0x0000, 0x0000, 0x0000, 0x0000, 0x0000, 0x0000, 0x0000, 0x0000, 0x0000, 0x0000, 0x0000,
  0x0000, 0x2187, 0x4372, 0x21C9, 0x0000, 0x0862, 0x0862, 0x0862, 0x0862, 0x0862, 0x0041, 0x0000,
  0x0021, 0x0021, 0x0000, 0x0000, 0x3B10, 0x4B72, 0x4B92, 0x4371, 0x4BB3, 0x4351, 0x4351, 0x4351,
  0x4351, 0x4351, 0x4351, 0x4351, 0x4351, 0x4371, 0x4371, 0x4371, 0x4371, 0x4371, 0x4371, 0x4B92,
  0x4BD3, 0x4B92, 0x4B92, 0x4BD3, 0x4BB3, 0x4B92, 0x29EA, 0x0882, 0x0020, 0x0000, 0x0000, 0x0000,
  0x0000, 0x0000, 0x0000, 0x0020, 0x0000, 0x0000, 0x0000, 0x0000, 0x2A2B, 0x328D, 0x3AAE, 0x3AAD,
  0x32AD, 0x3AAE, 0x3AAE, 0x3AAE, 0x3AAE, 0x3AAE, 0x3AAE, 0x3AAE, 0x328D, 0x2A2B, 0x2A2B, 0x2A2B,
  0x2A2B, 0x2A2B, 0x2A2B, 0x2A2B, 0x2A0A, 0x2A0B, 0x2A0A, 0x2A0A, 0x29EA, 0x1926, 0x0000, 0x0000,
  0x0000, 0x0000, 0x0000, 0x0000, 0x0000, 0x0000, 0x0000, 0x0000, 0x0000, 0x0000, 0x0000, 0x0000,
  0x0000, 0x0000, 0x0000, 0x0000, 0x0000, 0x0000, 0x0000, 0x0000, 0x0000, 0x0000, 0x0000, 0x0000,
  0x0000, 0x10C4, 0x10E4, 0x10E4, 0x10E4, 0x10E4, 0x10E4, 0x10E4, 0x10E4, 0x10E4, 0x10E4, 0x10E4,
  0x10E4, 0x1105, 0x1967, 0x2188, 0x1967, 0x1987, 0x1967, 0x1967, 0x1967, 0x1967, 0x1967, 0x1967,
  0x1967, 0x1946, 0x0882, 0x0000, 0x0000, 0x0000, 0x0000, 0x0000, 0x0000, 0x0000, 0x0000, 0x0000,
  0x0000, 0x0000, 0x0000, 0x0000, 0x21A9, 0x5435, 0x5435, 0x5435, 0x5435, 0x5435, 0x5435, 0x5435,
  0x5435, 0x5435, 0x5435, 0x5435, 0x5435, 0x5435, 0x5435, 0x5415, 0x5415, 0x5415, 0x5435, 0x5435,
  0x5436, 0x5435, 0x5435, 0x5435, 0x5435, 0x5415, 0x326C, 0x0882, 0x0000, 0x0000, 0x0000, 0x0000,
  0x0000, 0x0000, 0x0000, 0x0000, 0x0000, 0x0000, 0x0000, 0x0000, 0x0000, 0x0000, 0x0000, 0x0000,
  0x0000, 0x0000, 0x0000, 0x0000, 0x0000, 0x0000, 0x0000, 0x0000, 0x0000, 0x0000, 0x0000, 0x0000,
  0x0000, 0x0000, 0x0020, 0x0041, 0x0862, 0x0041, 0x0021, 0x0862, 0x0862, 0x1946, 0x3AAE, 0x3AEF,
  0x0000, 0x0000, 0x0000, 0x0000, 0x0041, 0x328D, 0x0882, 0x1925, 0x4BB3, 0x4B92, 0x4BB2, 0x4BB3,
  0x4B72, 0x4351, 0x4351, 0x4351, 0x4351, 0x4351, 0x4351, 0x4351, 0x4351, 0x4351, 0x4351, 0x4351,
  0x4351, 0x4351, 0x4351, 0x4351, 0x4351, 0x4351, 0x3AEF, 0x0882, 0x0000, 0x08A3, 0x2A2B, 0x0000,
  0x0000, 0x0000, 0x2188, 0x5436, 0x0000, 0x0000, 0x0000, 0x0000, 0x0021, 0x21EA, 0x0862, 0x10C4,
  0x3AAE, 0x32AE, 0x3AAE, 0x3AAE, 0x3AAE, 0x3ACE, 0x3ACE, 0x3ACE, 0x3ACE, 0x3ACE, 0x3ACE, 0x3ACE,
  0x3ACE, 0x3ACE, 0x3ACE, 0x3ACE, 0x3ACE, 0x3ACE, 0x3ACE, 0x3ACE, 0x3ACE, 0x3ACE, 0x328D, 0x10C4,
  0x0000, 0x1967, 0x5C56, 0x1967, 0x0000, 0x0000, 0x29EA, 0x5435, 0x0000, 0x0000, 0x0000, 0x0000,
  0x0000, 0x0000, 0x0000, 0x0000, 0x0000, 0x0000, 0x0000, 0x0000, 0x0000, 0x0000, 0x0000, 0x0000,
  0x0000, 0x0000, 0x0000, 0x0000, 0x0000, 0x0000, 0x0000, 0x0000, 0x0000, 0x0000, 0x0000, 0x0000,
  0x0000, 0x0000, 0x0000, 0x0000, 0x0000, 0x0882, 0x324C, 0x3AAE, 0x2188, 0x29E9, 0x32AD, 0x2A2B,
  0x0000, 0x0000, 0x0000, 0x0000, 0x0000, 0x0000, 0x0000, 0x0000, 0x0000, 0x0000, 0x0000, 0x0000,
  0x0000, 0x0000, 0x0000, 0x0000, 0x0000, 0x0000, 0x0000, 0x0000, 0x0000, 0x0000, 0x0000, 0x0000,
  0x0000, 0x0000, 0x0000, 0x0000, 0x0000, 0x0000, 0x0000, 0x0000, 0x0000, 0x0000, 0x0883, 0x3AEF,
  0x5C56, 0x5C35, 0x2A0B, 0x0041,
};

static const uint8_t ICON_WINDY_A[1600] = {
  0, 0, 2, 4, 1, 0, 3, 1, 30, 117, 117, 30, 1, 3, 0, 1, 4, 2, 0, 0,
  0, 0, 0, 0, 0, 0, 0, 0, 0, 0, 0, 0, 0, 0, 0, 0, 0, 0, 0, 0,
  0, 0, 0, 0, 0, 4, 10, 0, 21, 125, 125, 21, 0, 10, 4, 0, 0, 0, 0, 0,
  0, 0, 0, 0, 0, 0, 0, 0, 0, 0, 0, 0, 0, 0, 0, 0, 0, 0, 0, 0,
  2, 0, 74, 107, 2, 0, 0, 7, 84, 176, 176, 84, 5, 0, 0, 2, 107, 72, 0, 2,
  0, 0, 0, 1, 3, 4, 4, 4, 2, 0, 0, 0, 0, 0, 0, 0, 0, 0, 0, 0,
  4, 0, 106, 207, 108, 33, 53, 116, 193, 234, 234, 194, 114, 50, 35, 108, 207, 104, 0, 4,
  0, 1, 2, 0, 0, 0, 0, 0, 0, 2, 2, 0, 0, 0, 0, 0, 0, 0, 0, 0,
  1, 0, 2, 109, 234, 162, 228, 255, 255, 255, 255, 255, 255, 220, 163, 233, 108, 2, 0, 1,
  0, 0, 0, 0, 7, 11, 11, 9, 3, 0, 0, 0, 0, 0, 0, 0, 0, 0, 0, 0,
  0, 4, 0, 33, 162, 246, 255, 255, 255, 255, 255, 255, 255, 255, 242, 161, 34, 0, 3, 0,
  4, 0, 0, 32, 120, 159, 161, 145, 79, 0, 0, 1, 1, 0, 0, 0, 0, 0, 0, 0,
  3, 10, 0, 47, 222, 255, 254, 252, 254, 255, 255, 254, 252, 255, 255, 221, 43, 1, 16, 5,
  0, 74, 169, 204, 233, 247, 248, 241, 220, 184, 125, 11, 0, 6, 0, 0, 0, 0, 0, 0,
  0, 0, 10, 121, 255, 253, 252, 255, 255, 255, 255, 255, 255, 253, 254, 255, 115, 1, 0, 0,
  98, 201, 255, 255, 255, 255, 255, 255, 255, 255, 238, 130, 29, 0, 2, 0, 0, 0, 0, 0,
  28, 25, 79, 193, 252, 255, 254, 255, 255, 255, 255, 255, 255, 254, 255, 248, 197, 108, 66, 84,
  242, 255, 248, 248, 251, 253, 253, 252, 249, 248, 255, 247, 116, 9, 4, 1, 0, 0, 0, 0,
  115, 117, 171, 234, 255, 255, 255, 255, 255, 255, 255, 255, 255, 255, 253, 242, 250, 255, 255, 255,
  254, 253, 255, 255, 255, 255, 255, 255, 255, 255, 252, 253, 205, 76, 0, 0, 1, 0, 0, 0,
  121, 130, 181, 234, 255, 255, 255, 255, 255, 255, 255, 255, 255, 254, 248, 253, 255, 255, 255, 255,
  255, 255, 255, 255, 255, 255, 255, 255, 255, 255, 255, 251, 253, 169, 0, 0, 5, 2, 0, 0,
  31, 31, 83, 193, 252, 255, 254, 255, 255, 255, 255, 255, 247, 245, 253, 255, 255, 253, 252, 253,
  254, 255, 255, 255, 255, 255, 255, 255, 255, 255, 255, 250, 255, 223, 87, 26, 0, 0, 5, 0,
  0, 0, 8, 117, 255, 254, 253, 255, 255, 255, 255, 255, 250, 246, 255, 255, 255, 255, 255, 255,
  255, 255, 255, 255, 255, 255, 255, 255, 255, 255, 255, 254, 254, 246, 211, 167, 111, 31, 0, 2,
  3, 10, 0, 43, 220, 255, 255, 252, 255, 255, 254, 250, 251, 254, 255, 255, 255, 255, 255, 255,
  255, 255, 255, 255, 255, 255, 255, 255, 255, 255, 255, 255, 255, 255, 255, 255, 252, 143, 25, 0,
  0, 4, 0, 34, 162, 242, 255, 255, 255, 253, 253, 240, 245, 255, 255, 255, 255, 255, 255, 255,
  255, 255, 255, 255, 255, 255, 255, 255, 255, 255, 255, 255, 255, 255, 253, 251, 253, 251, 127, 1,
  1, 0, 2, 108, 234, 162, 219, 255, 252, 239, 253, 254, 254, 255, 255, 255, 255, 255, 255, 255,
  255, 255, 255, 255, 255, 255, 255, 255, 255, 255, 255, 255, 255, 255, 255, 255, 250, 255, 188, 36,
  4, 0, 108, 210, 108, 34, 50, 119, 206, 250, 254, 255, 255, 255, 255, 255, 255, 255, 255, 255,
  255, 255, 255, 255, 255, 255, 255, 255, 255, 255, 255, 255, 255, 255, 255, 255, 250, 254, 210, 91,
  2, 0, 74, 107, 2, 0, 0, 48, 190, 255, 255, 253, 255, 255, 255, 255, 255, 255, 255, 255,
  255, 255, 255, 255, 255, 255, 255, 255, 255, 255, 255, 255, 255, 255, 255, 255, 252, 254, 211, 117,
  0, 0, 0, 0, 0, 8, 6, 82, 215, 253, 255, 254, 255, 255, 255, 255, 255, 255, 255, 255,
  255, 255, 255, 255, 255, 255, 255, 255, 255, 255, 255, 255, 255, 255, 255, 255, 250, 254, 209, 89,
  0, 0, 2, 3, 1, 3, 0, 71, 207, 255, 255, 254, 255, 255, 255, 255, 255, 255, 255, 255,
  255, 255, 255, 255, 255, 255, 255, 255, 255, 255, 255, 255, 255, 255, 255, 255, 250, 255, 188, 36,
  0, 0, 0, 0, 0, 1, 0, 17, 133, 255, 252, 250, 253, 253, 253, 253, 253, 253, 253, 253,
  253, 253, 253, 253, 253, 253, 253, 253, 253, 253, 253, 253, 253, 253, 252, 251, 253, 250, 126, 1,
  0, 0, 0, 0, 0, 0, 3, 0, 50, 197, 255, 255, 255, 255, 255, 255, 255, 255, 255, 255,
  255, 255, 255, 255, 255, 255, 255, 255, 255, 255, 255, 255, 255, 255, 255, 255, 250, 141, 25, 0,
  0, 0, 0, 0, 0, 0, 2, 1, 6, 66, 137, 178, 203, 212, 210, 211, 211, 211, 211, 211,
  211, 211, 211, 211, 211, 211, 211, 211, 211, 211, 211, 210, 211, 208, 194, 164, 110, 29, 0, 2,
  0, 0, 0, 0, 0, 0, 0, 1, 0, 0, 0, 41, 78, 89, 86, 87, 87, 87, 87, 87,
  87, 87, 88, 89, 89, 89, 88, 87, 87, 87, 87, 86, 88, 84, 63, 22, 0, 0, 5, 0,
  0, 0, 0, 0, 0, 0, 0, 0, 1, 3, 2, 0, 0, 0, 0, 0, 0, 0, 0, 0,
  0, 0, 0, 0, 0, 0, 0, 0, 0, 0, 0, 0, 0, 0, 0, 0, 3, 2, 0, 0,
  0, 0, 0, 0, 0, 0, 0, 0, 0, 0, 0, 0, 0, 0, 0, 0, 0, 0, 0, 0,
  0, 0, 0, 0, 0, 0, 0, 0, 0, 0, 0, 0, 0, 0, 0, 0, 0, 0, 0, 0,
  0, 0, 4, 4, 0, 6, 8, 8, 8, 8, 8, 9, 9, 9, 9, 9, 9, 9, 9, 8,
  2, 0, 68, 179, 207, 156, 39, 0, 4, 9, 9, 9, 9, 9, 7, 1, 4, 4, 0, 0,
  0, 0, 0, 0, 0, 0, 0, 0, 0, 0, 0, 0, 0, 0, 0, 0, 0, 0, 0, 0,
  1, 69, 162, 179, 157, 189, 140, 45, 0, 0, 0, 0, 0, 0, 0, 0, 0, 0, 0, 0,
  3, 3, 43, 49, 3, 69, 89, 88, 88, 89, 89, 89, 89, 89, 89, 89, 88, 88, 90, 68,
  3, 177, 195, 31, 0, 53, 216, 116, 7, 82, 86, 86, 85, 86, 66, 1, 47, 40, 0, 1,
  0, 0, 111, 130, 0, 186, 244, 243, 243, 244, 244, 244, 244, 244, 244, 244, 243, 243, 244, 186,
  0, 143, 118, 0, 0, 1, 216, 123, 21, 233, 251, 250, 249, 251, 193, 2, 136, 117, 0, 3,
  0, 0, 0, 0, 0, 0, 6, 6, 6, 6, 6, 6, 6, 6, 6, 6, 6, 6, 6, 0,
  0, 0, 0, 0, 0, 90, 206, 105, 2, 25, 24, 24, 24, 24, 18, 0, 13, 11, 0, 0,
  183, 206, 206, 204, 216, 200, 195, 195, 195, 195, 195, 195, 198, 203, 203, 203, 203, 203, 203, 208,
  224, 212, 214, 225, 223, 212, 118, 31, 7, 0, 0, 0, 0, 0, 0, 8, 0, 0, 4, 0,
  132, 149, 159, 159, 156, 161, 162, 162, 162, 162, 162, 162, 148, 128, 128, 128, 127, 127, 128, 126,
  121, 125, 124, 121, 115, 71, 0, 0, 0, 0, 0, 0, 0, 0, 0, 0, 0, 0, 0, 2,
  0, 0, 0, 0, 0, 0, 0, 0, 0, 0, 0, 0, 2, 51, 52, 52, 52, 52, 52, 52,
  52, 52, 52, 52, 54, 64, 85, 92, 88, 89, 88, 87, 86, 87, 88, 86, 85, 76, 32, 0,
  4, 4, 4, 4, 4, 0, 3, 2, 0, 0, 2, 0, 101, 246, 247, 249, 249, 249, 249, 249,
  249, 249, 249, 249, 249, 248, 246, 244, 244, 244, 245, 249, 251, 249, 246, 249, 249, 241, 141, 33,
  0, 0, 0, 0, 0, 0, 0, 0, 0, 0, 0, 0, 0, 6, 6, 6, 6, 6, 6, 6,
  6, 6, 6, 6, 6, 6, 6, 6, 6, 6, 7, 20, 24, 19, 12, 26, 24, 76, 160, 172,
  0, 0, 4, 0, 14, 154, 32, 68, 216, 214, 216, 216, 207, 195, 195, 195, 195, 195, 195, 195,
  195, 195, 195, 195, 195, 195, 195, 194, 195, 195, 175, 30, 0, 37, 129, 0, 0, 0, 95, 252,
  0, 0, 3, 0, 11, 114, 24, 50, 160, 159, 160, 160, 162, 166, 166, 166, 166, 166, 166, 166,
  166, 166, 166, 166, 166, 166, 166, 166, 166, 166, 152, 48, 6, 88, 254, 86, 0, 0, 117, 249,
  0, 0, 0, 0, 0, 0, 0, 0, 0, 0, 0, 0, 0, 0, 0, 0, 0, 0, 0, 0,
  0, 0, 0, 0, 0, 0, 0, 0, 0, 0, 0, 0, 0, 31, 139, 160, 95, 113, 158, 127,
  0, 0, 0, 0, 0, 3, 1, 1, 5, 5, 5, 5, 5, 5, 5, 5, 5, 5, 5, 5,
  5, 5, 5, 5, 5, 5, 5, 5, 5, 5, 4, 2, 0, 0, 33, 172, 253, 249, 126, 14,
};
